screen_name,profile_image_url,location,created_time,text
瓦尔哈拉一般酒保,"https://tvax3.sinaimg.cn/crop.0.0.816.816.50/87d32fc1ly8hmknmilws1j20mo0mota2.jpg?KID=imgbed,tva&Expires=1718269869&ssig=QqQshEGvxc",其他,Thu Jun 13 13:29:00  2024,战争如此残酷，然而，又是无产阶级提高地位的机会，比如二战后就是美国无产阶级过的最好的时候。俄罗斯最黑色幽默的一点是战争伤亡比不上他们国内的车祸和酗酒伤亡。祝这些良家子兵源早日见到胜利的一天。
北京的飞翔鱼鱼鱼鱼鱼鱼,"https://tvax1.sinaimg.cn/crop.0.0.500.500.50/006PJmXYly8hapadr6912j30dw0dwwez.jpg?KID=imgbed,tva&Expires=1718269869&ssig=YBI0ukv3EM",其他,Thu Jun 13 13:26:48  2024,苏联内战
小曲阑干,"https://tvax1.sinaimg.cn/crop.0.0.960.960.50/0075sjvWly8hd0o1vol70j30qo0qo791.jpg?KID=imgbed,tva&Expires=1718269869&ssig=V6GiziL9l4",河北,Thu Jun 13 12:49:12  2024,小伙子们……
Veranan,"https://tvax3.sinaimg.cn/crop.0.0.600.600.50/6b4ae9a7ly8hmjug4qvwkj20go0goabx.jpg?KID=imgbed,tva&Expires=1718269869&ssig=8vrlVFNFfD",北京 朝阳区,Thu Jun 13 12:04:24  2024,之前看到这篇文字时转发过，今天又看到，真的有点难过，刚刚成大，渴望看看世界的半大孩子要面临战火，无论是哪一方的，都是人间悲剧。
等待验证码的途中,"https://tvax1.sinaimg.cn/crop.0.0.996.996.50/65a6f19dly8g79xdrs7z5j20ro0rogo8.jpg?KID=imgbed,tva&Expires=1718269869&ssig=DpzL%2BEZtyx",北京 海淀区,Thu Jun 13 12:00:28  2024,我在距离南部前线直线距离不到50公里的地方，相比于战争初期，那个时候有大量的伤员在这里，所以有很多交谈，现在南部地区已经很平静了。当然，有我认识的人再也回不来了
尤拉Z,"https://tva2.sinaimg.cn/crop.517.92.1228.1228.50/564b95c8jw1em89plx0kxj21kw16ox5j.jpg?KID=imgbed,tva&Expires=1718269869&ssig=mw6vJB5iCx",其他,Thu Jun 13 11:55:57  2024,这篇文章是第二次读了，还是很有感触。如果能翻译成俄语发出去就好了。
木槿青炫52027,"https://tvax4.sinaimg.cn/crop.0.0.996.996.50/006DZ6edly8g6qa4bw9isj30ro0roq5q.jpg?KID=imgbed,tva&Expires=1718269869&ssig=sLXXHcX4n5",江苏 苏州,Thu Jun 13 11:32:11  2024,最大的愿望就是世界和平，唉[悲伤]
扎根乡村的工仔,"https://tvax1.sinaimg.cn/crop.0.0.512.512.50/007JeMMHly8hiz7yx7duaj30e80e8jsn.jpg?KID=imgbed,tva&Expires=1718269869&ssig=x8pfGPP6cn",广东 梅州,Thu Jun 13 11:10:01  2024,为了抵抗以美寇为首的北约，得寸进尺、步步紧逼……捐躯赴国难、视死忽如归！
静静的顿河aa,"https://tva2.sinaimg.cn/crop.0.0.1080.1080.50/5fcd4d9ejw8ewjns3rtt8j20u00u077b.jpg?KID=imgbed,tva&Expires=1718269869&ssig=ilFFPbjsda",重庆 大渡口区,Thu Jun 13 11:06:03  2024,二战时期日本兵来到中国时，也有大量类似的场景
化繁为简621,"https://tvax2.sinaimg.cn/crop.0.0.600.600.50/5475513cly8hai6prjbcwj20go0goq4z.jpg?KID=imgbed,tva&Expires=1718269869&ssig=bXBWh5uYdj",北京,Thu Jun 13 10:34:02  2024,[心]
柳拂堤1,"https://tvax3.sinaimg.cn/crop.0.0.844.844.50/008zJjvxly8hga5qka2fmj30ng0ngjst.jpg?KID=imgbed,tva&Expires=1718269869&ssig=CNeyGak3zW",上海,Thu Jun 13 10:26:44  2024,我在地铁里读哭了
朽木堂,"https://tvax3.sinaimg.cn/crop.722.0.1137.1137.50/006QYE80ly8fi127jughkj31kw16o7wh.jpg?KID=imgbed,tva&Expires=1718269869&ssig=u45cwGu0Yv",其他,Thu Jun 13 10:14:48  2024,截止目前，总的来说，这些义务兵是不参战的（当然，实际上发生过义务兵被送去战场的情况）。
别的小朋友都放假了,"https://tvax3.sinaimg.cn/crop.0.0.667.667.50/822a1cd4ly8frj3xijp72j20ij0ij0tx.jpg?KID=imgbed,tva&Expires=1718269869&ssig=hLBYffdGwA",其他,Thu Jun 13 10:07:20  2024,去年在莫斯科火车站 http://t.cn/A6Q7PK6W
烟台人的微博,"https://tvax2.sinaimg.cn/crop.0.0.996.996.50/8c5a21afly8fh0yl4wg0pj20ro0roagn.jpg?KID=imgbed,tva&Expires=1718269869&ssig=Wae%2FIgETna",山东 烟台,Thu Jun 13 10:06:19  2024,这篇文章太太伤感了
机智kun,"https://tvax4.sinaimg.cn/crop.0.0.1080.1080.50/006de0BUly8h9pba33di2j30u00u00vx.jpg?KID=imgbed,tva&Expires=1718269869&ssig=P9Rw3VLwpQ",其他,Thu Jun 13 10:01:06  2024,看着这段文字，耳边仿佛响起着朴树的白桦林……
希望不用启用你,"https://tvax3.sinaimg.cn/crop.0.0.710.710.50/008sTzruly8h1xvkkp3o0j30jq0jq40f.jpg?KID=imgbed,tva&Expires=1718269869&ssig=AeTiXaUl1Y",内蒙古,Thu Jun 13 09:51:03  2024,战争是谁先动手的？
伊谢尔伦之冬,"https://tvax3.sinaimg.cn/crop.0.0.1080.1080.50/7636fc57ly8gi84si6y6qj20u00u0q5c.jpg?KID=imgbed,tva&Expires=1718269869&ssig=Dx9oE3cd6G",四川,Thu Jun 13 09:44:59  2024,写的真好，太生动了。大概承平日久，很多人都不知道战争的残酷，不知道今日的和平多么可贵。
我是好孕发财小锦鲤,"https://tvax2.sinaimg.cn/crop.0.0.1080.1080.50/842b4641ly8hi9yah8640j20u00u0gox.jpg?KID=imgbed,tva&Expires=1718269869&ssig=kixld2lcGM",上海 黄浦区,Thu Jun 13 09:34:11  2024,士兵为何而战？[费解][费解][费解]
带你去苏联,"https://tvax4.sinaimg.cn/crop.0.0.512.512.50/9760b495ly8fzx6cwxdy4j20e80e8t9k.jpg?KID=imgbed,tva&Expires=1718269871&ssig=NVHKAlJx9c",北京,Thu Jun 13 09:32:30  2024,帮你补一张照片，妈妈的这个眼神我永远都忘不了 http://t.cn/A6QhsSqk
山猫流免许皆传,"https://tvax3.sinaimg.cn/crop.0.0.600.600.50/007pVU2cly8h7dylcl83qj30go0go405.jpg?KID=imgbed,tva&Expires=1718269871&ssig=EMeRv8QSQc",广东 珠海,Thu Jun 13 09:32:29  2024,为了上帝和祖国……[泪]
自由的sillything,"https://tvax1.sinaimg.cn/crop.0.0.1080.1080.50/68692b83ly8hii7sqh7j5j20u00u0q52.jpg?KID=imgbed,tva&Expires=1718269871&ssig=KRl8cWNs2L",海外 美国,Thu Jun 13 09:29:32  2024,也可能会因此而再也回不了家。[伤心] (你们斯拉夫人别打了行吗)
舍得做减法斯基斯,"https://tvax1.sinaimg.cn/crop.0.0.1080.1080.50/006RMZ9nly8gwzv7q59vyj30u00u0q4t.jpg?KID=imgbed,tva&Expires=1718269871&ssig=OOg2GfonJU",其他,Thu Jun 13 09:28:57  2024,写的真好[good]
任贤齐不齐,"https://tva1.sinaimg.cn/crop.0.0.1152.1152.50/9ae3e1f7jw8eronibqzb7j20w00w0dkq.jpg?KID=imgbed,tva&Expires=1718269871&ssig=Hm5dXlpWcd",四川 成都,Thu Jun 13 09:27:17  2024,像是小学语文课本上课文的感觉[哈哈]
小白菜_kkk,"https://tvax3.sinaimg.cn/crop.0.0.812.812.50/696d5bbely8hpfbsuaijwj20mk0mkn0t.jpg?KID=imgbed,tva&Expires=1718269871&ssig=3g%2FHhZtItf",广东 深圳,Thu Jun 13 09:26:44  2024,灵魂摆渡人
yssssl,"https://tvax3.sinaimg.cn/crop.0.0.932.932.50/008vex6Ply8h7tblb2leij30pw0pwjux.jpg?KID=imgbed,tva&Expires=1718269871&ssig=MI9wPm%2Bhrv",上海,Thu Jun 13 09:26:33  2024,你这微博夹总转了？
雪静悄悄的下,"https://tvax2.sinaimg.cn/crop.18.0.908.908.50/006hFl4Aly8g98df1853pj30q80p8dgr.jpg?KID=imgbed,tva&Expires=1718269872&ssig=izcHAyn1nS",其他,Thu Jun 13 13:55:45  2024,[good]
神雨的意念,"https://tvax3.sinaimg.cn/crop.0.0.720.720.50/8c9278a9ly8h9o4jhpagrj20k00k0dgw.jpg?KID=imgbed,tva&Expires=1718269872&ssig=znqrji%2BsTY",其他,Thu Jun 13 13:41:38  2024,默克尔就是邪恶势力的代言人
南风拂柳m,"https://tva2.sinaimg.cn/crop.0.0.180.180.50/4dcf0faajw1e8qgp5bmzyj2050050aa8.jpg?KID=imgbed,tva&Expires=1718269872&ssig=C4ymbBezcq",江苏 南京,Thu Jun 13 13:35:22  2024,世界上有三种大妈，一种是大妈，一种是中国大妈，一种是默大妈[二哈]
qqwenwu666,"https://tvax1.sinaimg.cn/crop.0.0.1080.1080.50/7af41ecfly8hdumy3capmj20u00u0acn.jpg?KID=imgbed,tva&Expires=1718269872&ssig=zoEgFrnUfc",海外,Thu Jun 13 13:15:53  2024,那时司机还没有当总统呢，如果那时俄罗斯入侵，乌克兰早亡国了
河岸上的局外人,"https://tvax2.sinaimg.cn/crop.0.0.664.664.50/47fc0aedly8gner1xgs9rj20ig0igjsk.jpg?KID=imgbed,tva&Expires=1718269872&ssig=LqUd%2F74bNR",陕西 延安,Thu Jun 13 13:14:17  2024,默克尔配奥巴马[摊手]
用户7920551576,"https://tvax1.sinaimg.cn/default/images/default_avatar_female_50.gif?KID=imgbed,tva&Expires=1718269872&ssig=8SRloW4QAc",河南 郑州,Thu Jun 13 12:57:26  2024,欧盟起初对乌克兰的态度消极全源于当年莫圣母的功劳！德国终究难去除他们的极左基因
WitnessFudan2023,"https://tvax4.sinaimg.cn/crop.0.0.870.870.50/008xqn2tly8hbh2n76gfxj30o60o6js5.jpg?KID=imgbed,tva&Expires=1718269872&ssig=tOd83D6hK8",其他,Thu Jun 13 12:53:22  2024,默克尔典型的唯利是图，圣母情怀加持，贻害无穷
Weikey001,"https://tvax1.sinaimg.cn/crop.0.0.512.512.50/008DWfjKly8hpsacobmdij30e80e8dhh.jpg?KID=imgbed,tva&Expires=1718269872&ssig=RRPK7swK94",其他,Thu Jun 13 12:49:57  2024,这次结算会至少影响世界主要大国未来三五十年乃至一百年的命运[good]
keyness,"https://tva2.sinaimg.cn/crop.0.0.640.640.50/649102adjw8ega5y6w9cyj20hs0hs75i.jpg?KID=imgbed,tva&Expires=1718269872&ssig=Q9d42M%2Fc%2FD",其他,Thu Jun 13 12:49:51  2024,就是间谍还什么圣母[doge]
如入火聚,"https://tvax4.sinaimg.cn/crop.0.0.1080.1080.50/6afebb44ly8gsstv0u9e7j20u00u0n1z.jpg?KID=imgbed,tva&Expires=1718269872&ssig=aGmMScPSNj",山东,Thu Jun 13 12:48:18  2024,欲其灭亡，先令其疯狂。舍不得克里米亚套不住大帝。默克尔说不定在下一盘大棋呢[允悲] 最重要的是，这回千万一定要收紧绞索，不弄死那🐶日的不松绳子
包汤双全,"https://tvax4.sinaimg.cn/crop.0.0.1080.1080.50/547df528ly8hnmsjd3to5j20u00u1dkx.jpg?KID=imgbed,tva&Expires=1718269872&ssig=4t6YM6%2Bt56",云南 昆明,Thu Jun 13 12:43:25  2024,慕尼黑协定
邵宛誉的视窗,"https://tvax3.sinaimg.cn/crop.0.0.600.600.50/008npy0cly8gtm2auqeg4j30go0goaam.jpg?KID=imgbed,tva&Expires=1718269872&ssig=Q47WHwbAYs",上海,Thu Jun 13 12:43:08  2024,是的！每一次绥靖都意味着更大的代价，但人类可能永远做不到关键时刻做出最正确的选择，也总是会有默克尔这样怀有圣母之心的人来追求更高尚的目标，对野蛮采取不对等的文明方式来对应。希望可以有更多的人看清绥靖的危害和野蛮的真相，选出最正确的人来代表他们。
梁打滚,"https://tva2.sinaimg.cn/crop.0.0.180.180.50/5fd554acjw1e8qgp5bmzyj2050050aa8.jpg?KID=imgbed,tva&Expires=1718269872&ssig=O3v%2FAylglv",四川,Thu Jun 13 12:41:35  2024,看看
用户7790956974,"https://tvax1.sinaimg.cn/default/images/default_avatar_female_50.gif?KID=imgbed,tva&Expires=1718269872&ssig=8SRloW4QAc",其他,Thu Jun 13 12:39:22  2024,默克尔只是想好好的过日子
陆晨阳,"https://tva1.sinaimg.cn/crop.0.0.180.180.50/62847d7bjw1e8qgp5bmzyj2050050aa8.jpg?KID=imgbed,tva&Expires=1718269872&ssig=CrmqCpwoif",浙江 杭州,Thu Jun 13 12:35:17  2024,约翰逊一句群体免疫就已经是伟大政治家
微信名云卷云舒,"https://tvax2.sinaimg.cn/crop.0.0.640.640.50/007LmVGtly8hngcudn7hkj30hs0hsjs0.jpg?KID=imgbed,tva&Expires=1718269872&ssig=r4Dz3fU1vJ",山东 济南,Thu Jun 13 12:26:35  2024,类似默克尔这样的人，虽然善良却总是有后遗症，关键是对邪恶认识不足。
codingmonkey15516,"https://tvax2.sinaimg.cn/crop.0.0.819.819.50/008Bx0XOly8hl8sunjvrdj30mr0mrdgb.jpg?KID=imgbed,tva&Expires=1718269872&ssig=3t0rRaKp2%2B",广东 深圳,Thu Jun 13 12:20:33  2024,本周，泽圣又丢了4个定居点[允悲]
杠疯了5,"https://tvax4.sinaimg.cn/crop.0.0.512.512.50/008AHgRLly8hhx91ax2cuj30e80e8ab7.jpg?KID=imgbed,tva&Expires=1718269872&ssig=y85MluCunE",上海,Thu Jun 13 12:19:05  2024,害欧洲不浅
紫薇廊,"https://tvax3.sinaimg.cn/crop.0.0.1006.1006.50/008nu0luly8gy7j0u46dfj30ry0ryk1e.jpg?KID=imgbed,tva&Expires=1718269874&ssig=OZUxX9VKMF",其他,Thu Jun 13 12:19:04  2024,默克而好像是前苏派到德国的卧底[嘻嘻]
成都柏桦,"https://tva2.sinaimg.cn/crop.585.244.1137.1137.50/90372cc3jw8f3sputap6kj21kw16o1dq.jpg?KID=imgbed,tva&Expires=1718269874&ssig=fbEQpSINJ3",四川 成都,Thu Jun 13 12:18:01  2024,英国几乎不犯错。历史上每一次最后的重大关头，英格兰的决定和选择都正确。反观美国，在这一点上，不如英国。
藕片的记忆,"https://tvax1.sinaimg.cn/crop.0.0.1080.1080.50/005E5W3oly8hq3wu7xku6j30u00u0wsa.jpg?KID=imgbed,tva&Expires=1718269874&ssig=1Vnt2EUVb3",其他,Thu Jun 13 12:10:17  2024,赞同你的观点，但那个时候，俄罗斯确实很强大，是两强争霸。其实这个协议其实对俄罗斯的伤害不小，之后它就变成加油站了！这个西方可以看是给欧洲很多缓冲时间。
暮光之城明月雄关,"https://tvax2.sinaimg.cn/crop.0.0.512.512.50/9d77910ely8g7boo6n6muj20e80e8758.jpg?KID=imgbed,tva&Expires=1718269875&ssig=h0JglKojMy",上海 黄浦区,Thu Jun 13 14:05:31  2024,非常准确
伟根240693,"https://tvax1.sinaimg.cn/default/images/default_avatar_male_50.gif?KID=imgbed,tva&Expires=1718269875&ssig=0Wap9brQ3S",其他,Thu Jun 13 14:05:02  2024,[good]有道理
与非TYF,"https://tvax1.sinaimg.cn/default/images/default_avatar_male_50.gif?KID=imgbed,tva&Expires=1718269875&ssig=0Wap9brQ3S",四川,Thu Jun 13 14:01:09  2024,支持俄罗斯那是根本是维护中国国家利益，支持哈马斯根本是还有基本的人性，反之
魇之侠,"https://tvax2.sinaimg.cn/crop.0.0.996.996.50/49e03209ly8fh8vizzf2wj20ro0rodhk.jpg?KID=imgbed,tva&Expires=1718269875&ssig=wRcH5H2fN%2F",北京 朝阳区,Thu Jun 13 13:55:45  2024,确实如此
夏星繁是我养的狗,"https://tvax1.sinaimg.cn/crop.0.0.1080.1080.50/0088cQAply8hq8nq5lzsxj30u00u0q4k.jpg?KID=imgbed,tva&Expires=1718269875&ssig=DXKlQlt2ki",其他,Thu Jun 13 13:55:30  2024,纳粹以色列还有人支持我是真的想不到
XM-视角,"https://tva3.sinaimg.cn/crop.0.0.180.180.50/880483ffjw8e7fafnz7c8j2050050a9y.jpg?KID=imgbed,tva&Expires=1718269875&ssig=G%2BOou5auMl",福建,Thu Jun 13 13:51:20  2024,S毕，你没有内心深处基本的正义，而凭只自己喜好。你可以不喜欢乌，我也不喜欢，但反抗侵略应得到基本尊重。
Astralsss,"https://tvax1.sinaimg.cn/crop.0.0.995.995.50/008hBg9bly8hmpxsgbyilj30rn0rndgw.jpg?KID=imgbed,tva&Expires=1718269875&ssig=9KNBIQ5fQ0",其他,Thu Jun 13 13:50:49  2024,支持乌的，基本上都是野蛮人
苏堤春晓的夏日午后,"https://tvax4.sinaimg.cn/crop.0.0.1080.1080.50/8e7d186cly8h0jvx74gjyj20u00u0qdw.jpg?KID=imgbed,tva&Expires=1718269875&ssig=Z7JjnFPBqh",湖北 黄石,Thu Jun 13 13:50:47  2024,@美美小兔子 说你呢。好好看看
用户7654225819,"https://tvax1.sinaimg.cn/default/images/default_avatar_male_50.gif?KID=imgbed,tva&Expires=1718269875&ssig=0Wap9brQ3S",其他,Thu Jun 13 13:43:57  2024,支持鹅魔，就是在告诉鹅魔，可以去侵略中国，中国有很多黄俄爱它们，不信你看，当初抢了他们三百万，他们反而仇将恩报。抢的越多爱的越深[怒]
月照松间_,"https://tvax3.sinaimg.cn/crop.0.0.1080.1080.50/006UXOCZly8h4trhl4tdhj30u00u1tbe.jpg?KID=imgbed,tva&Expires=1718269875&ssig=sW1VWNdpPA",其他,Thu Jun 13 13:35:29  2024,俄乌看立场，巴以分人畜。
窝着爸爸,"https://tva2.sinaimg.cn/crop.0.0.80.80.50/006yVid5jw8f7e973s5afj3028028q2p.jpg?KID=imgbed,tva&Expires=1718269875&ssig=PKGYRbj%2BnP",北京,Thu Jun 13 13:33:25  2024,还有一点，乌友大多数是被收拾过倒霉过没啥大本事还郁郁不得志的一群人
木公鹤,"https://tva2.sinaimg.cn/crop.44.355.444.444.50/445e7b6bjw8enn8fe9rwoj20fj0m8tcp.jpg?KID=imgbed,tva&Expires=1718269875&ssig=BbndtQlBRz",安徽 阜阳,Thu Jun 13 13:25:42  2024,深刻
黑石二少,"https://tvax2.sinaimg.cn/crop.0.0.600.600.50/0069QelUly8hk3mrce4oaj30go0goq40.jpg?KID=imgbed,tva&Expires=1718269875&ssig=VAODcUvPkM",江苏 无锡,Thu Jun 13 13:16:43  2024,他们愿意打就一直打呗，最好北约下场，俄求外援，我们可以试着把外东北收回来，俄和美西方就一直相互消耗呗，打成废墟中国来建设，有偿的哦[嘻嘻]
Jiang2806,"https://tvax2.sinaimg.cn/crop.0.0.751.751.50/0060n9xkly8gry1qbm63aj30kv0kvdhj.jpg?KID=imgbed,tva&Expires=1718269876&ssig=C7C0W%2Fp0zY",广西 南宁,Thu Jun 13 13:07:40  2024,一语道破
扭曲的直藤,"https://tva3.sinaimg.cn/crop.0.0.996.996.50/730074f5jw8f7wtja1uo8j20ro0ro0tu.jpg?KID=imgbed,tva&Expires=1718269876&ssig=9bwWv0uBsL",福建,Thu Jun 13 13:05:21  2024,同意博主看法，支持俄罗斯的都是不希望看到北约占领欧洲推倒毛熊后，过来扼杀中国！
默而识之学而不厌诲人不倦,"https://tvax1.sinaimg.cn/default/images/default_avatar_male_50.gif?KID=imgbed,tva&Expires=1718269876&ssig=9cp7dLsg3x",其他,Thu Jun 13 13:03:32  2024,这样的认知[允悲] 说明义务教育任重而道远[允悲]
小白_iOS,"https://tvax1.sinaimg.cn/crop.0.0.1080.1080.50/006dYatTly8hjqadmeoy2j30u00u079x.jpg?KID=imgbed,tva&Expires=1718269876&ssig=2jPyBHb%2FXi",广东,Thu Jun 13 13:02:04  2024,赞同，没毛病(^-^)👍
xiuxiu秀秀幸福_226,"https://tvax1.sinaimg.cn/default/images/default_avatar_female_50.gif?KID=imgbed,tva&Expires=1718269876&ssig=iYoZDKvVDr",广东 深圳,Thu Jun 13 12:56:52  2024,霉国希望除自己之外的全世界都互殴，自己把军火卖到全世界
友悦周昭远,"https://tvax3.sinaimg.cn/crop.0.0.1080.1080.50/007aUdSCly8fykb6ylkgtj30u00u0mzh.jpg?KID=imgbed,tva&Expires=1718269876&ssig=ewYZXcAG6v",广东,Thu Jun 13 12:51:58  2024,屁股决定脑袋！
缺日的夜,"https://tva3.sinaimg.cn/crop.0.0.180.180.50/bbd77191jw1e8qgp5bmzyj2050050aa8.jpg?KID=imgbed,tva&Expires=1718269876&ssig=YhBT4FqF7E",广东,Thu Jun 13 12:49:48  2024,描述准确！
姜海龙哥哥,"https://tvax4.sinaimg.cn/crop.0.0.830.830.50/008DLvVxly8hoy9wjfsr3j30n20n2jv0.jpg?KID=imgbed,tva&Expires=1718269876&ssig=2ZARZuBzdE",其他,Thu Jun 13 12:48:33  2024,夹头粉们受夹头荼毒太深了
kkkttt_612,"https://tvax2.sinaimg.cn/crop.0.0.996.996.50/006Yq4aily8g0kv5x7fcrj30ro0ro409.jpg?KID=imgbed,tva&Expires=1718269876&ssig=cuBT0e%2BRS4",上海 黄浦区,Thu Jun 13 12:45:09  2024,我支持乌克兰，反对国家支持乌克兰，在任何时候，管我们鸟事，天天支持这个支持那个，管你们3000元的鸟事，闲操心[doge]
明矾26163,"https://tva1.sinaimg.cn/crop.2.0.745.745.50/006z3E2qjw8f7g7ilpg56j30ku0kptac.jpg?KID=imgbed,tva&Expires=1718269876&ssig=vbDlR7qsX6",河南,Thu Jun 13 12:41:33  2024,狗咬狗一嘴毛，我们坐山观虎斗，不好吗？[嘻嘻][嘻嘻]，反正消耗他们，有利我们
股票用户283223,"https://tvax1.sinaimg.cn/default/images/default_avatar_female_50.gif?KID=imgbed,tva&Expires=1718269876&ssig=iYoZDKvVDr",江苏,Thu Jun 13 12:41:21  2024,美俄都不是好东西，我反对战争。
神经多动衰弱症,"https://tvax1.sinaimg.cn/crop.0.0.1080.1080.50/99920297ly8h84wvjhnraj20u00u00ty.jpg?KID=imgbed,tva&Expires=1718269876&ssig=cncaO1oROl",海外,Thu Jun 13 12:39:37  2024,支持俄的 基本上都是没上过学的二极管
孤独的狂生,"https://tvax2.sinaimg.cn/crop.0.0.1080.1080.50/005YDcIply8hp5glw5em5j30u00u0gp2.jpg?KID=imgbed,tva&Expires=1718269876&ssig=ZRGdHSEBIs",其他,Thu Jun 13 12:36:51  2024,说的对
羔华耗材,"https://tvax1.sinaimg.cn/crop.0.0.1080.1080.50/008ed0gEly8h17drovy6yj30u00u0mym.jpg?KID=imgbed,tva&Expires=1718269878&ssig=OBDYjquzFm",辽宁,Thu Jun 13 12:29:45  2024,以前是 “美国霸气小护照， 德国良心下水道， 全民医疗索马里， 俄国白送房一套， 印度恒河有疗效， 日本夏令营呱呱叫。” 俄罗斯也有幸使用过“新闻联播不播了”这个话术 苏联解体和休克疗法后，殖人们是疯狂追捧俄罗斯为民主典范的。 直到俄罗斯和他亲爹打起来。
小玉兔精,"https://tvax1.sinaimg.cn/default/images/default_avatar_male_50.gif?KID=imgbed,tva&Expires=1718269878&ssig=2kvYG%2FbD0q",辽宁 大连,Thu Jun 13 12:23:27  2024,支持乌克兰和以色列的，百分之七八十都是HGD[doge]
悟吭,"https://tvax3.sinaimg.cn/crop.0.0.132.132.50/007FpmUHly4g0vv6pt1xfj303o03ot8m.jpg?KID=imgbed,tva&Expires=1718269878&ssig=bBG%2F34O1Hy",其他,Thu Jun 13 12:20:46  2024,不管怎么样，我都不支持去为别的国家当炮灰的组织或者个人，
明月清风lihkai,"https://tvax4.sinaimg.cn/crop.0.0.132.132.50/008y6xSXly4hcx7wrqr1gj303o03o742.jpg?KID=imgbed,tva&Expires=1718269878&ssig=XKHyiu2mvm",其他,Thu Jun 13 12:20:18  2024,总结的很到位
与光同尘-666,"https://tvax1.sinaimg.cn/default/images/default_avatar_male_50.gif?KID=imgbed,tva&Expires=1718269878&ssig=2kvYG%2FbD0q",其他,Thu Jun 13 12:17:25  2024,通透[赞]
百观人生,"https://tvax1.sinaimg.cn/crop.0.0.640.640.50/8ba3c905ly8h0ru9pt0ovj20hs0hs758.jpg?KID=imgbed,tva&Expires=1718269878&ssig=xDE7jRtogI",河北 沧州,Thu Jun 13 12:16:49  2024,是对美国的双标愤恨。它可以偷，可以随意炸，却不让其他国家发展不能统一。
颂珊瑚,"https://tvax2.sinaimg.cn/crop.0.0.1080.1080.50/006DUi3fly8hlr4hg163zj30u00u0aen.jpg?KID=imgbed,tva&Expires=1718269878&ssig=5lzvt6byh7",台湾,Thu Jun 13 12:12:37  2024,放屁
用户老盐很咸,"https://tvax1.sinaimg.cn/default/images/default_avatar_male_50.gif?KID=imgbed,tva&Expires=1718269878&ssig=2kvYG%2FbD0q",其他,Thu Jun 13 12:09:49  2024,不支持以前的毛子，不支持将来的毛子，就支持当前的毛子。巴以冲突不选立场。
寒山听雪521,"https://tvax3.sinaimg.cn/crop.0.0.1080.1080.50/007Sgrhvly8hdzemt19qlj30u00u0789.jpg?KID=imgbed,tva&Expires=1718269878&ssig=dYHD2o0y4J",其他,Thu Jun 13 12:06:21  2024,放屁
CLAIRVOYANT_LIMBO,"https://tvax1.sinaimg.cn/crop.0.0.464.464.50/435cf3b9ly8hngcajsjmyj20cw0cw0sy.jpg?KID=imgbed,tva&Expires=1718269878&ssig=mHtVIy57jw",广东 深圳,Thu Jun 13 12:04:59  2024,只讲利益，非人。那些和你意见不同的人也是中国人。[吃瓜]
陈振伟-巴芒复利书房,"https://tvax2.sinaimg.cn/crop.0.0.512.512.50/95813cefly8h7hb1mbav9j20e80e875c.jpg?KID=imgbed,tva&Expires=1718269878&ssig=izGlWgPVIy",江苏,Thu Jun 13 12:01:30  2024,你不生在60~70年代，可惜了。
酥鱼茴香豆,"https://tvax1.sinaimg.cn/crop.0.0.996.996.50/bd409e0fly8ggx411bk6vj20ro0ro0w7.jpg?KID=imgbed,tva&Expires=1718269878&ssig=jEKOXRjzKp",辽宁 沈阳,Thu Jun 13 12:01:08  2024,搞对立的奸佞小人一枚，鉴定完毕。
於陵王1,"https://tvax1.sinaimg.cn/default/images/default_avatar_male_50.gif?KID=imgbed,tva&Expires=1718269878&ssig=2kvYG%2FbD0q",宁夏 吴忠,Thu Jun 13 12:00:50  2024,嗯，支持俄罗斯归还所占中国土地，还我东北出海口
Hueil6389,"https://tva4.sinaimg.cn/crop.210.0.540.540.50/8cb6ca03jw8ea1ciktcfvj20qo0f0myy.jpg?KID=imgbed,tva&Expires=1718269878&ssig=%2Bo%2FiccmYOk",上海,Thu Jun 13 11:57:48  2024,俄乌战争和我们无关，我们没必要粉谁，但我们要避免他发展为3战，这种危害就太大了
荷倚苼逍客,"https://tvax2.sinaimg.cn/crop.0.0.1080.1080.50/48968e94ly8gcicb83e3uj20u00u00wk.jpg?KID=imgbed,tva&Expires=1718269878&ssig=q8pPesi02d",广西,Thu Jun 13 11:53:58  2024,除奸行动从恨国党开始[拳头]
威柴动力,"https://tvax1.sinaimg.cn/default/images/default_avatar_male_50.gif?KID=imgbed,tva&Expires=1718269878&ssig=2kvYG%2FbD0q",其他,Thu Jun 13 11:52:25  2024,可以骂人吗[怒]
丽丽同学ai,"https://tvax3.sinaimg.cn/crop.0.0.1080.1080.50/006mOmZ1ly8hdq5e5o569j30u00u0wl5.jpg?KID=imgbed,tva&Expires=1718269880&ssig=f3TEcF9oFj",北京 东城区,Thu Jun 13 11:48:10  2024,对老毛子要时刻保持警惕
海绵宝宝是谁,"https://tvax1.sinaimg.cn/default/images/default_avatar_male_50.gif?KID=imgbed,tva&Expires=1718269880&ssig=0pNw9szj8m",河南 洛阳,Thu Jun 13 11:39:22  2024,那中美建交怎么解释？访问美国合影握手又怎么理解？
血社火001,"https://tva3.sinaimg.cn/crop.0.0.1080.1080.50/00631CFbjw8epv7ohefftj30u00u0wht.jpg?KID=imgbed,tva&Expires=1718269880&ssig=dxuzMYGgNd",陕西,Thu Jun 13 11:25:18  2024,你是鸭子是食材，就不要把自己当成全聚德的股东了，在你的脑子里是非香臭才是重点[挤眼]
用户leea27i56a,"https://tva2.sinaimg.cn/crop.0.0.180.180.50/005zCJpbjw8efd1ssx1ffj3050050t8l.jpg?KID=imgbed,tva&Expires=1718269880&ssig=IlG9vdXIaL",其他,Thu Jun 13 11:25:02  2024,人以是非定立场，狗以立场定是非。
无心_XJL,"https://tvax1.sinaimg.cn/default/images/default_avatar_female_50.gif?KID=imgbed,tva&Expires=1718269880&ssig=bLvTdaAJ1W",广东,Thu Jun 13 11:24:21  2024,总结很到位！[good]
cuman,"https://tva1.sinaimg.cn/crop.0.0.180.180.50/7941ab71jw1e8qgp5bmzyj2050050aa8.jpg?KID=imgbed,tva&Expires=1718269880&ssig=3yy5YqtjrZ",北京 海淀区,Thu Jun 13 11:21:38  2024,很多人支持乌克兰，不是因为不了解乌克兰二战中的不光彩角色，也不是真正意义同情乌克兰，甚至没有情绪了解一下双方的历史背景，而只是想发泄一些对zg的不满和心中的仇恨
无为李狗偷孤烟暮蝉狗粮,"https://tvax4.sinaimg.cn/crop.0.0.1080.1080.50/008xnsfxly8hbdd2q3b6qj30u00u0abw.jpg?KID=imgbed,tva&Expires=1718269880&ssig=nL0z1Vjd5s",浙江,Thu Jun 13 11:18:22  2024,你是孤儿[哈哈]
月逐人归,"https://tvax4.sinaimg.cn/crop.18.0.1206.1206.50/82dcb46bly8fh04aepvznj20yi0xijvi.jpg?KID=imgbed,tva&Expires=1718269880&ssig=8aAMvUxIsJ",北京 西城区,Thu Jun 13 11:17:08  2024,[并不简单]基本没毛病，就是这样。
恍梦201310,"https://tvax2.sinaimg.cn/crop.0.0.1080.1080.50/008yaRdIly8hd4pp3pqy8j30u00u0gr3.jpg?KID=imgbed,tva&Expires=1718269880&ssig=PZ48CqB13V",其他,Thu Jun 13 11:11:24  2024,太武断了
公益养老史话2024,"https://tvax1.sinaimg.cn/crop.0.0.600.600.50/c297f1c9ly8hq5dbb55vij20go0gomyo.jpg?KID=imgbed,tva&Expires=1718269880&ssig=lD4Pm5y%2BFF",北京,Thu Jun 13 11:07:09  2024,[赞][赞]
经股闲空,"https://tvax3.sinaimg.cn/crop.0.0.1080.1080.50/008sA08Nly8hptkejsjsyj30u00u0n4n.jpg?KID=imgbed,tva&Expires=1718269880&ssig=ptsHkmI3Qg",黑龙江 牡丹江,Thu Jun 13 11:04:32  2024,如果颠倒一下会是什么感觉
坚强192,"https://tva4.sinaimg.cn/crop.5.0.1232.1232.50/c22b619cjw8f6oo3v1ccbj20yi0y8aea.jpg?KID=imgbed,tva&Expires=1718269880&ssig=ownT4a7mXS",广东 深圳,Thu Jun 13 11:04:01  2024,全对[赞][赞][赞][赞][赞]
乐呵呵loveme,"https://tvax1.sinaimg.cn/default/images/default_avatar_male_50.gif?KID=imgbed,tva&Expires=1718269880&ssig=0pNw9szj8m",其他,Thu Jun 13 11:02:51  2024,你是普金一条狗
Austin1220509193,"https://tvax1.sinaimg.cn/default/images/default_avatar_male_50.gif?KID=imgbed,tva&Expires=1718269880&ssig=0pNw9szj8m",上海,Thu Jun 13 11:01:47  2024,支持乌克兰的 有一个算一个 都tmd汉奸
海蒂Gott,"https://tvax3.sinaimg.cn/crop.0.0.1080.1080.50/008DE1pNly8hqaovi70q7j30u00u078n.jpg?KID=imgbed,tva&Expires=1718269881&ssig=bCzevFboUt",广东 广州,Thu Jun 13 11:01:19  2024,今天刚看到bbc新闻，俄被美在金融银行业打击了，似乎是国际性的
爱美食的易大大,"https://tvax1.sinaimg.cn/crop.0.0.1002.1002.50/006ZflM7ly8ga2kf0mw9sj30ru0rujsf.jpg?KID=imgbed,tva&Expires=1718269881&ssig=GTdttMUKBs",安徽 合肥,Thu Jun 13 11:01:06  2024,爱大清当爱国，爱国爱的是同胞，爱的是这片土地，而不是某个组织或某个人。全聚德的鸭子还真以为自己是股东？
OO的月亮,"https://tva4.sinaimg.cn/crop.0.7.640.640.50/005T9OTgjw8fceazrbwl0j30hs0i774r.jpg?KID=imgbed,tva&Expires=1718269881&ssig=%2FVcdsiyzFf",其他,Thu Jun 13 10:59:04  2024,“支持俄罗斯的，不一定是俄粉，大多都不是，但一定是真心爱中国支持中国的人。”严重同意。[good][good][good]
IY_YI65054,"https://tvax1.sinaimg.cn/default/images/default_avatar_male_50.gif?KID=imgbed,tva&Expires=1718269881&ssig=7x6yCsM4H1",其他,Thu Jun 13 10:57:08  2024,不支持俄罗斯，更不支持乌克兰，希望美国和俄罗斯同归于尽，都从地球上消失。
溪口毛文人,"https://tvax1.sinaimg.cn/default/images/default_avatar_male_50.gif?KID=imgbed,tva&Expires=1718269881&ssig=7x6yCsM4H1",其他,Thu Jun 13 10:48:18  2024,不能把巴以冲突混凝在一起
较瘦叫兽回忆录,"https://tva3.sinaimg.cn/crop.0.0.180.180.50/a25834acjw1e8qgp5bmzyj2050050aa8.jpg?KID=imgbed,tva&Expires=1718269881&ssig=1yk3qivaWv",福建 厦门,Thu Jun 13 10:45:43  2024,大部分是爱国的，只是有没有头脑另说[允悲]
新SHEN独,"https://tva4.sinaimg.cn/crop.5.0.739.739.50/006qsmeHjw8fafnxlgqmij30ku0kjwf7.jpg?KID=imgbed,tva&Expires=1718269881&ssig=oD474J26Ao",广西,Thu Jun 13 10:39:42  2024,我支持俄罗斯是因为，现在的俄罗斯是与我们背靠背抗击西方的国家！
飞翔无边_7103,"https://tvax3.sinaimg.cn/crop.0.0.996.996.50/e45fa424ly8g7bprid8nej20ro0roq4p.jpg?KID=imgbed,tva&Expires=1718269881&ssig=9QhKcOR4iW",山西 太原,Thu Jun 13 10:38:01  2024,准确！
yunzhonglong2018,"https://tvax2.sinaimg.cn/crop.0.0.996.996.50/a19cc003ly8fujb5q4esqj20ro0rpq5l.jpg?KID=imgbed,tva&Expires=1718269881&ssig=sD8Ozi54KW",北京,Thu Jun 13 10:16:20  2024,同意
手机用户3213638232,"https://tvax4.sinaimg.cn/crop.0.0.1080.1080.50/bf8c3a58ly8hddwx2fsq4j20u00u0alq.jpg?KID=imgbed,tva&Expires=1718269881&ssig=Rp5EMCT%2BCE",其他,Thu Jun 13 10:15:22  2024,同意[good]
清宁20081011,"https://tvax4.sinaimg.cn/crop.0.0.996.996.50/007KdY8Lly8g2dhsoyvptj30ro0ro40s.jpg?KID=imgbed,tva&Expires=1718269881&ssig=hRUZLMH9Rj",山东,Thu Jun 13 10:02:08  2024,肯定尿不到一个壶里呀 你这个碧没有小鸡鸡[弱][弱][弱]
风吹麦浪1321,"https://tvax1.sinaimg.cn/default/images/default_avatar_male_50.gif?KID=imgbed,tva&Expires=1718269881&ssig=7x6yCsM4H1",江苏 苏州,Thu Jun 13 09:57:05  2024,说的对
影别楼,"https://tva2.sinaimg.cn/crop.0.0.996.996.50/4ff1451ajw8fc4tyxhrchj20ro0roaeg.jpg?KID=imgbed,tva&Expires=1718269883&ssig=UfijDvVIwW",山东 威海,Thu Jun 13 09:53:01  2024,我的原则，谁对我们有利我就支持谁，俄罗斯现在符合我们现在的利益！
也亦如黎明中的花朵,"https://tvax1.sinaimg.cn/crop.0.0.512.512.50/007QXxKmly8h3lgp97i38j30e80e8wey.jpg?KID=imgbed,tva&Expires=1718269883&ssig=iRunW%2BtI47",其他,Thu Jun 13 09:51:23  2024,[疑问]100年前国内也是两大阵营内斗，现在还在内斗，不知道台湾那边老百姓会不会因为其他国家打仗进行内斗
星空原本是微尘,"https://tvax1.sinaimg.cn/default/images/default_avatar_male_50.gif?KID=imgbed,tva&Expires=1718269883&ssig=oR7aqI6x%2F6",山东 济南,Thu Jun 13 09:47:18  2024,现实中接触到的老百姓，对自己管不了的俄乌战争，并没有那么关注，谈论起来也如白发渔樵江渚上一样，并没有那么情绪激烈，也并不把自己当成这粉那粉。网上那些情绪激烈的，其中有些会不会是想制造情绪对立、社会撕裂的网军呢？——若非如此，怎么现实中一个这样情绪激烈的人也看不到？@中国长安网
Riches-1314,"https://tvax4.sinaimg.cn/crop.0.0.688.688.50/e9cf18ebly8hnl688ou81j20j40j4dh4.jpg?KID=imgbed,tva&Expires=1718269883&ssig=5jYqXnTylO",其他,Thu Jun 13 09:35:12  2024,转发微博
好好吃饭一天吃两顿饭,"https://tvax3.sinaimg.cn/crop.0.0.1080.1080.50/008ysGeTly8hf50qau7bij30u00u0abp.jpg?KID=imgbed,tva&Expires=1718269883&ssig=uDWIyS35lS",其他,Thu Jun 13 09:34:46  2024,嗯，爱国的鹅粉都支持一个割走几百万平方公里的土地，接下来鹅粉又要说不要那历史说事，说外东北是大清的丢的，如果这样就麻烦了，因为内东北也承自大清，在黄鹅的认知里，是不是现在的东北也可以不要，黄鹅的狗屁逻辑真是狗屁不通
简易的才是真理,"https://tvax1.sinaimg.cn/default/images/default_avatar_male_50.gif?KID=imgbed,tva&Expires=1718269883&ssig=oR7aqI6x%2F6",其他,Thu Jun 13 09:31:51  2024,什么叫挺俄？你发动了非正义的侵略战争，按理我肯定是支持受害者的，但是鉴于盟友关系，我也只能睁一只眼闭一只眼，这叫挺俄；什么叫挺乌，你跟我盟友打，按理我该帮我盟友的，但鉴于咱的关系也还行，我也同情你，我决定不帮盟友一起打你，不然秒你也就分分钟的事，这叫挺乌。
纵横丶万载无双,"https://tvax1.sinaimg.cn/crop.0.0.1002.1002.50/007GjM05ly8grivili49fj30ru0ru76n.jpg?KID=imgbed,tva&Expires=1718269883&ssig=0ExYkj0d9z",其他,Thu Jun 13 09:31:00  2024,对于俄，应该转让其在亚洲所有领土，退回欧洲，对于美，应该自觉撤离其在东半球所有军事基地，其武装力量出现在东半球视为开战
玄彬博士,"https://tvax4.sinaimg.cn/crop.0.0.1080.1080.50/008uJn87ly8hik6br4sukj30u00u00x4.jpg?KID=imgbed,tva&Expires=1718269883&ssig=ZLfBoq3qbw",其他,Thu Jun 13 09:23:56  2024,所言极是
低调发帖,"https://tvax2.sinaimg.cn/crop.455.199.1137.1137.50/8bbb9d67ly8fgmp9xjc08j21kw16o4qp.jpg?KID=imgbed,tva&Expires=1718269883&ssig=mUvTzqFZz2",重庆,Thu Jun 13 09:20:38  2024,乌克兰人自己分裂了，他们打了起来，你的言论也是让我们自己分裂，也像乌克兰人一样，自己打起来？请不要这样说话。
卫子的闲暇时光,"https://tva1.sinaimg.cn/crop.0.1.191.191.50/75635ae7gw1em75jmmkfnj205c05d0sp.jpg?KID=imgbed,tva&Expires=1718269883&ssig=FK30ph%2Bwkx",浙江 嘉兴,Thu Jun 13 09:15:29  2024,俄还我们领土，并为在东北的屠杀道歉赔款，我很乐意支持他们
勇气是至高美德,"https://tvax3.sinaimg.cn/crop.0.0.1023.1023.50/c492b571ly8hehh4y5zndj20sg0sfjt3.jpg?KID=imgbed,tva&Expires=1718269883&ssig=zrus%2B9hwJI",河北,Thu Jun 13 09:13:11  2024,不同价值观的人要是能分成两个国家就好了，没有内耗，一边快速进入高级社会主义，另一边快速进入资本主义社会[哈哈][哈哈]
映水藏山yawuyun,"https://tvax3.sinaimg.cn/crop.0.0.996.996.50/007bJjH3ly8g3ji2nw1skj30ro0rojs1.jpg?KID=imgbed,tva&Expires=1718269883&ssig=B%2FEtGTsxuW",其他,Thu Jun 13 08:58:58  2024,美国就是世界乱源[允悲][笑cry]
老羊也识途668,"https://tvax3.sinaimg.cn/crop.0.0.132.132.50/008b07yQly4gho0l55wk6j303o03oglh.jpg?KID=imgbed,tva&Expires=1718269883&ssig=FhZJmYgLZA",其他,Thu Jun 13 08:52:46  2024,精辟
用户7756086828,"https://tvax3.sinaimg.cn/crop.0.0.132.132.50/008sTKuEly4h1u03yttc8j303o03ot8i.jpg?KID=imgbed,tva&Expires=1718269883&ssig=iSM%2Ff2%2Fomf",其他,Thu Jun 13 08:44:33  2024,你恰好说反了。这么说吧，你仔细比较一下海参崴和香港的历史你就知道了。
微词198404,"https://tva4.sinaimg.cn/crop.0.0.664.664.50/006FuZ8kjw8fchw4hjzq1j30ig0igq4c.jpg?KID=imgbed,tva&Expires=1718269883&ssig=jRiDbg5F%2FO",浙江,Thu Jun 13 08:42:30  2024,分析的精辟！
用户7822881537,"https://tvax1.sinaimg.cn/default/images/default_avatar_male_50.gif?KID=imgbed,tva&Expires=1718269883&ssig=oR7aqI6x%2F6",其他,Thu Jun 13 08:42:06  2024,现在这些都很清楚了，重要的是下一步，如何消灭后者
玩斗蛐蛐,"https://tvax2.sinaimg.cn/crop.0.0.1080.1080.50/008g4spTly8hlavjm51x2j30u00u0ag4.jpg?KID=imgbed,tva&Expires=1718269884&ssig=v4Us22Ozxm",上海,Thu Jun 13 08:41:30  2024,赞同！[给力]
我兔人畜无害,"https://tvax2.sinaimg.cn/crop.0.0.1080.1080.50/008DdYyYly8hpqe52qamyj30u00u141f.jpg?KID=imgbed,tva&Expires=1718269884&ssig=qD7YzoKmec",其他,Thu Jun 13 08:35:35  2024,正解
A锋之帅,"https://tvax4.sinaimg.cn/crop.0.0.959.959.50/cb363168ly8h3j27xfc26j20qn0qn0ur.jpg?KID=imgbed,tva&Expires=1718269884&ssig=QXfYjv9Y6S",广东 佛山,Thu Jun 13 08:32:59  2024,支持正义的一方就可以了
一把盐911,"https://tva3.sinaimg.cn/crop.0.2.1242.1242.50/8071c57djw8f20vy9rwltj20yi0ym40d.jpg?KID=imgbed,tva&Expires=1718269884&ssig=ohoIqj2RE4",北京,Thu Jun 13 08:32:48  2024,[赞][赞][赞]
duy1976,"https://tva3.sinaimg.cn/crop.0.0.50.50.50/005IdnPMjw8f0dbgfwl2kj301e01e3y9.jpg?KID=imgbed,tva&Expires=1718269885&ssig=B0o3lfIiz3",上海,Thu Jun 13 08:32:11  2024,美国昨天表示要把台海变成地狱，乌粉们会支持吗？
用户7833910943,"https://tvax1.sinaimg.cn/crop.0.0.1080.1080.50/008yai6jly8hngb45cscwj30u00u075w.jpg?KID=imgbed,tva&Expires=1718269885&ssig=2i%2B38AFQJK",山东 临沂,Thu Jun 13 08:29:25  2024,十多年的教育我们  北极星是最坏的    难道以前学的不对？
ZhenhaiHou76,"https://tva2.sinaimg.cn/crop.0.0.180.180.50/005KffKdjw8ejl6wedi17j30500500so.jpg?KID=imgbed,tva&Expires=1718269885&ssig=Txh%2FOza6Gr",海外,Thu Jun 13 08:27:45  2024,鹅只是统治者的朋友
大木风歌实控线,"https://tvax1.sinaimg.cn/crop.0.0.1080.1080.50/9ddba3bely8hd59t14j47j20u00u00tx.jpg?KID=imgbed,tva&Expires=1718269885&ssig=By%2FvMlQDs4",浙江 绍兴,Thu Jun 13 08:25:15  2024,转发微博
刍二不呆,"https://tva1.sinaimg.cn/crop.0.0.180.180.50/c43da821jw1e8qgp5bmzyj2050050aa8.jpg?KID=imgbed,tva&Expires=1718269885&ssig=ggA9EZChM%2F",山东 济南,Thu Jun 13 08:21:34  2024,停止冲突吧！
憧憬飞翔的狼,"https://tva3.sinaimg.cn/crop.0.0.180.180.50/c49e26acjw1e8qgp5bmzyj2050050aa8.jpg?KID=imgbed,tva&Expires=1718269885&ssig=JVfPkWaW8C",其他,Thu Jun 13 08:21:17  2024,唇寒齿亡
花魂21,"https://tvax4.sinaimg.cn/crop.0.0.1080.1080.50/401863d7ly8h0ohg8h2spj20u00u0wg0.jpg?KID=imgbed,tva&Expires=1718269885&ssig=OvD%2Bt6keDC",福建 漳州,Thu Jun 13 08:20:06  2024,#热门#态度和执着精神值得称赞。
唐一刀0826,"https://tva1.sinaimg.cn/crop.0.0.720.720.50/428bb4b4jw8ehg6scnw1xj20k00k0jtx.jpg?KID=imgbed,tva&Expires=1718269885&ssig=sASkbtpFLu",其他,Thu Jun 13 08:16:17  2024,支持鹅毛应该是鹅杂鹅子鹅孙
用户6294283270,"https://tvax1.sinaimg.cn/default/images/default_avatar_male_50.gif?KID=imgbed,tva&Expires=1718269885&ssig=r42EqRduxO",河南 郑州,Thu Jun 13 08:15:06  2024,[good][good]
评点一哥,"https://tvax1.sinaimg.cn/crop.0.0.510.510.50/006dXMoLly8hd0e6vqsc2j30e70e6mxn.jpg?KID=imgbed,tva&Expires=1718269885&ssig=pKFJ6kGW%2FB",北京,Thu Jun 13 08:14:01  2024,同意！
阆苑耕读渔樵,"https://tvax2.sinaimg.cn/crop.0.0.996.996.50/006DtqmTly8gf6nrgquqtj30ro0roacm.jpg?KID=imgbed,tva&Expires=1718269885&ssig=Q54qQJ24Z9",新疆,Thu Jun 13 08:12:54  2024,正解。
迎风三丈,"https://tva4.sinaimg.cn/crop.0.0.180.180.50/67687c29jw1e8qgp5bmzyj2050050aa8.jpg?KID=imgbed,tva&Expires=1718269885&ssig=DsgS3ca2X5",浙江 杭州,Thu Jun 13 08:12:40  2024,分类精准
用户6509027050,"https://tvax1.sinaimg.cn/default/images/default_avatar_male_50.gif?KID=imgbed,tva&Expires=1718269886&ssig=uLk6fWTN7s",其他,Thu Jun 13 13:36:01  2024,普京可以公布个人财产吗？
人在腾冲,"https://tva4.sinaimg.cn/crop.0.0.640.640.50/a194aa28jw8f1kn4eipcsj20hs0hs0vh.jpg?KID=imgbed,tva&Expires=1718269886&ssig=1IfHM1J2A%2B",北京,Thu Jun 13 13:22:36  2024,参照历史，加上逻辑分析：战后乌克兰经济一定会起飞，百姓生活一定会得到极大改善。
石颂天语,"https://tvax3.sinaimg.cn/crop.0.0.664.664.50/007BNxMCly8gwtwkou3h8j30ig0igjs2.jpg?KID=imgbed,tva&Expires=1718269886&ssig=eYGBV3YFwW",其他,Thu Jun 13 12:30:40  2024,看似文明、正义的“套路”……实则贪婪、血腥、千年私欲、无耻的算计……！[作揖][泪][泪][泪]
放纵丨青春,"https://tvax2.sinaimg.cn/crop.0.0.996.996.50/5f2bd00fly8gfjpf2kn02j20ro0romyf.jpg?KID=imgbed,tva&Expires=1718269886&ssig=7DYcEY3TB2",湖北 十堰,Thu Jun 13 12:09:23  2024,俄罗斯大获全胜后，欧美借给乌政府的贷款和债务是不不是打水漂了吧！喜闻乐见哈!
风中奔跑的猫1107,"https://tvax3.sinaimg.cn/crop.0.0.996.996.50/007eY2cdly8fvci592cdvj30ro0ro40c.jpg?KID=imgbed,tva&Expires=1718269886&ssig=jjJQr7sP5w",贵州 贵阳,Thu Jun 13 11:58:02  2024,泽皇作为犹太人早就赢麻了[打call]
金颖币,"https://tvax1.sinaimg.cn/default/images/default_avatar_male_50.gif?KID=imgbed,tva&Expires=1718269886&ssig=uLk6fWTN7s",浙江,Thu Jun 13 11:47:52  2024,利用政客出卖收割别国，自上世纪40年代开始犹撒国不是一直这么操作的吗？
阳谷诺康2,"https://tvax4.sinaimg.cn/crop.0.0.738.738.50/008DFy6wly8hosag4zhb7j30kj0ki0td.jpg?KID=imgbed,tva&Expires=1718269886&ssig=i9pgOxiVNM",其他,Thu Jun 13 11:46:17  2024,泽连斯基近日宣布拍卖12宗国有资产了。
兰斌强,"https://tva2.sinaimg.cn/crop.0.0.179.179.50/ec665417gw1ecswymegisj2050050aa9.jpg?KID=imgbed,tva&Expires=1718269886&ssig=kqhgHhamIL",湖北 武汉,Thu Jun 13 11:41:04  2024,美国政客早已承认让乌克兰代美国与俄罗斯打仗对美国来说收益颇盛;匈牙利总理欧尔班也公开表示，只要俄罗斯被击败，美国就将能够控制乌克兰收获巨大利益;泽连斯基从这场战争中孟捞取个人好处，其集团贪腐成风等等这些中国公知、乌粉皆看不见也不愿意面对![怒]
东方的红太阳冉冉升起,"https://tva2.sinaimg.cn/crop.0.0.100.100.50/005Tmd0Ejw8enoh4hos0jj302s02sa9x.jpg?KID=imgbed,tva&Expires=1718269886&ssig=cbkp56gBPz",其他,Thu Jun 13 11:15:25  2024,最后发现是乌克兰虚报了矿产资源，乌克兰要的只是欧美援助和国际地位，再有就是乌克兰军阀买卖武器的巨额现金流，互相欺骗人民死活和他们没啥关系。
明明就是666198907,"https://tvax1.sinaimg.cn/crop.0.0.1080.1080.50/008shptJly8hfckdqbo0ej30u00u078g.jpg?KID=imgbed,tva&Expires=1718269886&ssig=b76l%2FmiiIV",山西,Thu Jun 13 10:36:50  2024,能成为美国的，犹太人的，财产，可能吗？。那是俄罗斯的财产。[哈哈][哈哈][哈哈][哈哈][哈哈]，以前的乌克兰就是个小村子，那是俄罗斯的土地。[哈哈][哈哈][哈哈]
骑龙猪sz,"https://tvax4.sinaimg.cn/crop.0.0.959.959.50/006fqBQ1ly8h3443fttz2j30qn0qnwjw.jpg?KID=imgbed,tva&Expires=1718269886&ssig=I1X0Gpaffz",广东 深圳,Thu Jun 13 10:18:56  2024,有时间修修门
冬之小筑,"https://tvax2.sinaimg.cn/crop.0.0.512.512.50/c464b477ly8fxa1qjplkbj20e80e840e.jpg?KID=imgbed,tva&Expires=1718269886&ssig=4SqjB%2BO%2BEt",江苏 苏州,Thu Jun 13 10:18:16  2024,土地、矿产归犹太人，乌克兰人战完最后一个人[允悲]
用户7579851925,"https://tvax1.sinaimg.cn/default/images/default_avatar_male_50.gif?KID=imgbed,tva&Expires=1718269887&ssig=ONmod1rZ%2Fw",浙江 杭州,Thu Jun 13 09:48:58  2024,未来的国际最重要的任务就是抓捕犹太资本家犹太奸商对他们永远关押
清芳梯盈巷亭,"https://tva4.sinaimg.cn/crop.0.0.200.200.50/006jJQuDjw1eyvelm1u6hj305k05k0st.jpg?KID=imgbed,tva&Expires=1718269887&ssig=JqGeppU9Yd",新疆,Thu Jun 13 09:47:12  2024,你不是跪了俄罗斯吗？跪的那么彻底
时间过客-一007,"https://tvax2.sinaimg.cn/crop.0.0.852.852.50/007CIHWlly8h1ju9fm0aej30no0no76z.jpg?KID=imgbed,tva&Expires=1718269887&ssig=41mSvkF0Hy",北京,Thu Jun 13 09:46:04  2024,连俄罗斯的死敌寂寞深科都说了，最后大不了和俄罗斯合并让美国一分钱得不到，所有外债一笔勾销。真到最后拜登一口老血就得吐出来
骑驴追火箭fl,"https://tva2.sinaimg.cn/crop.0.0.960.960.50/75e0c1a9jw8fadbfxa4huj20qo0qo0u7.jpg?KID=imgbed,tva&Expires=1718269887&ssig=2%2BoexndTqH",湖北 武汉,Thu Jun 13 09:29:36  2024,乌克兰的矿藏应归俄罗斯所有
开心无尘8888,"https://tvax2.sinaimg.cn/crop.0.0.1080.1080.50/008xI7OEly8hc6dv42b27j30u00u0jzi.jpg?KID=imgbed,tva&Expires=1718269887&ssig=%2Fo5YlEWbHx",广东,Thu Jun 13 09:17:12  2024,那大俄就把乌打烂算了。
用户7868664671,"https://tvax3.sinaimg.cn/crop.0.0.750.750.50/008Aw78jly8hi2om02iqfj30ku0ku0tr.jpg?KID=imgbed,tva&Expires=1718269887&ssig=2Uw6NKVLi4",其他,Thu Jun 13 09:16:15  2024,美国一石几鸟现在都不重要，重要的是在俄乌战争后美国会是那个挣的盆满钵满的大赢家，那时走到幕前美国就是乌克兰的大债主。要风得风要雨得雨。乌克兰失去了财富转交美国人手里。
金点子谭,"https://tvax3.sinaimg.cn/crop.0.0.1080.1080.50/001lRMvIly8gu8xri1isnj60u00u040v02.jpg?KID=imgbed,tva&Expires=1718269887&ssig=jQRyFr2N7a",湖南 株洲,Thu Jun 13 09:14:47  2024,转发微博
新晋情圣,"https://tvax3.sinaimg.cn/crop.0.0.223.223.50/008cephKly8h624rcgbqmj3068067q32.jpg?KID=imgbed,tva&Expires=1718269887&ssig=MkXF6G2Tyg",其他,Thu Jun 13 09:13:45  2024,如此说来，泽连斯基是为美国人而战斗？乌克兰的矿藏想归美国所有？
很普通的老师,"https://tvax1.sinaimg.cn/crop.87.1.219.219.50/a50a9c2dly8fql7rg69cmj20az066aad.jpg?KID=imgbed,tva&Expires=1718269887&ssig=w1A3ZHDlPE",北京 石景山区,Thu Jun 13 08:49:25  2024,乌克兰的人打完了，乌克兰的东西归了别人
天天也想中大奖,"https://tvax1.sinaimg.cn/crop.0.0.1080.1080.50/008vboC9ly8hb6olh5r4aj30u00u0n0h.jpg?KID=imgbed,tva&Expires=1718269887&ssig=PZDrtUTgwz",广东 深圳,Thu Jun 13 08:47:02  2024,你是不是多打了一个零啊[二哈]
容斋馆,"https://tvax3.sinaimg.cn/crop.0.0.856.856.50/008x5IVTly8hbc9xlxhc4j30ns0nsgom.jpg?KID=imgbed,tva&Expires=1718269887&ssig=JLxH721BnX",浙江 杭州,Thu Jun 13 08:29:48  2024,五百年才能出世一个的最聪明总统在乌克兰出现了。
飞翔的孤独人,"https://tvax4.sinaimg.cn/crop.0.0.996.996.50/007qSAscly8gkvoijxuigj30ro0ro41k.jpg?KID=imgbed,tva&Expires=1718269887&ssig=1YQuVriZaC",其他,Thu Jun 13 08:23:27  2024,一个跳脱衣舞的伪娘，能指望他做什么爷们的事吗？是一开始乌克兰老百姓自己都错了[笑cry][笑cry][笑cry][笑cry]
香香的脚气,"https://tvax3.sinaimg.cn/crop.0.0.132.132.50/0089cFsYly4gf95rz9lj8j303o03oglh.jpg?KID=imgbed,tva&Expires=1718269889&ssig=1G8HInBfFW",其他,Thu Jun 13 14:02:30  2024,有中国不？
国仔J,"https://tvax1.sinaimg.cn/crop.0.0.664.664.50/7f367fa9ly8fhiie0fmc0j20ig0igdgm.jpg?KID=imgbed,tva&Expires=1718269889&ssig=vzbz8ApNo9",广东 广州,Thu Jun 13 13:38:00  2024,佩服 普京 俄罗斯好样的[赞]
二锅头乐队的头儿,"https://tvax3.sinaimg.cn/crop.0.0.1080.1080.50/006wkgNOly8h7m5xdonibj30u00u041i.jpg?KID=imgbed,tva&Expires=1718269889&ssig=I6%2FKYjCXz8",广东 东莞,Thu Jun 13 13:27:25  2024,我信了
nyecemb,"https://tvax2.sinaimg.cn/crop.0.0.600.600.50/007dpB6lly8hnas3df4bcj30go0godgr.jpg?KID=imgbed,tva&Expires=1718269889&ssig=AONeSWrdr4",江苏 南京,Thu Jun 13 13:01:47  2024,伟大的普京总统[鲜花][鲜花][鲜花]致敬俄罗斯总统弗拉基米尔·普京🇷🇺🇷🇺🇷🇺感谢俄罗斯总统弗拉基米尔·普京[鲜花][鲜花][鲜花]坚定支持俄罗斯总统弗拉基米尔·普京🇷🇺🇷🇺🇷🇺普京总统正确🇷🇺🇷🇺普京总统优秀🙏🙏🙏普京总统辛苦了[鲜花][鲜花][鲜花]
蓝鱼99390,"https://tva3.sinaimg.cn/crop.0.0.40.40.50/006tkeq9jw8f3s8hn1i7uj30140140rs.jpg?KID=imgbed,tva&Expires=1718269889&ssig=QwaYq4FE9r",其他,Thu Jun 13 12:56:37  2024,没有强大的、拥有主权的俄罗斯，就不可能有牢固稳定的国际秩序！预祝金砖国家体育盛会圆满成功！
仁者无敌55463,"https://tvax3.sinaimg.cn/crop.0.0.1080.1080.50/0083rEmsly8hhw8dlisfdj30u00u0ta4.jpg?KID=imgbed,tva&Expires=1718269889&ssig=Wpq7r%2FUj9I",其他,Thu Jun 13 12:43:33  2024,荣耀属于乌克兰
灵山般若,"https://tvax4.sinaimg.cn/crop.0.0.658.658.50/5af98d6bly8hh0zarhkd6j20ia0iaq33.jpg?KID=imgbed,tva&Expires=1718269889&ssig=wVJBwe05tR",湖北,Thu Jun 13 12:41:59  2024,[good][good][good][鲜花][鲜花][鲜花]
未来巨人徐东胜,"https://tvax4.sinaimg.cn/crop.0.0.1006.1006.50/006LgbgHly8h27b7lumgij30ry0rygo7.jpg?KID=imgbed,tva&Expires=1718269889&ssig=xSsG4Hvgsj",北京,Thu Jun 13 12:37:01  2024,//@西风向南_:美国带领的G7是统治世界为目的组织，而中俄领导的金砖组织是要带领世界走向共荣的组织，在本质上、道德上，金砖组织必然是天选的组织。
康乐村客,"https://tvax3.sinaimg.cn/crop.0.0.600.600.50/007utkRfly8hbz8d4a5lej30go0gojt2.jpg?KID=imgbed,tva&Expires=1718269889&ssig=tkDWKTVO6e",其他,Thu Jun 13 12:33:55  2024,金砖只有五国，但金砖运有声称100个国家派人参与。人数超过3000，媲美巴黎奥运了。实际上，大毛一国3000运动员，其余100国合计400人。有西方的“霸凌”的问题（但没有意识形态问题，今日毛子，谈何意识形态），但毛子也不是善男信女。
用户6355103168,"https://tvax1.sinaimg.cn/crop.0.0.1080.1080.50/006W5mE0ly8h1p4ys7vooj30u00u0q63.jpg?KID=imgbed,tva&Expires=1718269889&ssig=u7lX5TUodQ",山东 青岛,Thu Jun 13 12:30:51  2024,支持[good]
静止与水,"https://tva1.sinaimg.cn/crop.426.6.1066.1066.50/006t4luPjw8f3ovdl52rsj31hc0u0n4l.jpg?KID=imgbed,tva&Expires=1718269889&ssig=tCKfjr1Dzw",天津 南开区,Thu Jun 13 12:26:39  2024,[赞][赞][赞][赞啊][赞啊][赞啊]
一飞翔鳥一,"https://tva1.sinaimg.cn/crop.0.0.320.320.50/65a37801jw8ewgdfsz5e2j208w08wq2x.jpg?KID=imgbed,tva&Expires=1718269889&ssig=JgBm27PDtu",上海 浦东新区,Thu Jun 13 12:06:25  2024,[哇]真棒！面向未来的运动会。
想静静喝可乐,"https://tvax2.sinaimg.cn/crop.0.0.1080.1080.50/4c3d1ca2ly8h0l9oexj1ij20u00u0wh9.jpg?KID=imgbed,tva&Expires=1718269889&ssig=lm%2FJPSrINh",河北,Thu Jun 13 11:58:05  2024,#方方##梁艳萍##许可馨#  #白宫顾问点名表扬方方#
巴赫猜想SX,"https://tvax1.sinaimg.cn/crop.0.0.1080.1080.50/008wKjedly8h9roxl6bdoj30u00u0q6w.jpg?KID=imgbed,tva&Expires=1718269889&ssig=kfWTtOkNUn",上海,Thu Jun 13 11:55:00  2024,发展金砖国家运动会，挑战奥运会的权威，充分展示金砖国家运动会的风采。
安静的彧,"https://tvax3.sinaimg.cn/crop.0.0.270.270.50/9f3a37f3ly8hifrxpgzo6j207i07iq2y.jpg?KID=imgbed,tva&Expires=1718269889&ssig=AJpxcSMke9",广东,Thu Jun 13 11:20:24  2024,真棒[鲜花][鲜花][鲜花]
爱吃海鲜的小绿龟,"https://tvax1.sinaimg.cn/crop.0.0.993.993.50/007PxpRlly8homrjgbp58j30rl0rltal.jpg?KID=imgbed,tva&Expires=1718269889&ssig=3srmtfAcje",海外 美国,Thu Jun 13 11:15:52  2024,这个开幕式肯定要比高卢鸡的好看！话放这儿了！
西风向南_,"https://tvax4.sinaimg.cn/crop.0.0.179.179.50/4fc727d4ly1g5z7kgybg1j204z04zq2z.jpg?KID=imgbed,tva&Expires=1718269889&ssig=YCQuQweKPY",广东 广州,Thu Jun 13 11:04:56  2024,美国带领的G7是统治世界为目的组织，而中俄领导的金砖组织是要带领世界走向共荣的组织，在本质上、道德上，金砖组织必然是天选的组织。
吞食天下的食货,"https://tvax3.sinaimg.cn/crop.374.71.936.936.50/007XJi2Vly8g6gkxhpmztj31au0u0ami.jpg?KID=imgbed,tva&Expires=1718269889&ssig=qntw84od3A",其他,Thu Jun 13 10:27:55  2024,希望金砖国家能自己搞一个舆论平台来代替油管，只有这样才能对抗西方舆论霸权
nyecemb,"https://tvax2.sinaimg.cn/crop.0.0.600.600.50/007dpB6lly8hnas3df4bcj30go0godgr.jpg?KID=imgbed,tva&Expires=1718269889&ssig=AONeSWrdr4",江苏 南京,Thu Jun 13 10:20:13  2024,“朋友们，我很高兴欢迎金砖国家体育运动会的参与者和嘉宾来到俄罗斯。两周的比赛将把世界近百个国家的3000多名运动员联系在一起。我相信，这个大型体育节将充分展示体育的机会均等和公平、不妥协的竞争的普世价值。” 普京总统🇷🇺🇷🇺🇷🇺
nyecemb,"https://tvax2.sinaimg.cn/crop.0.0.600.600.50/007dpB6lly8hnas3df4bcj30go0godgr.jpg?KID=imgbed,tva&Expires=1718269889&ssig=AONeSWrdr4",江苏 南京,Thu Jun 13 10:17:23  2024,“这些都充分体现了金砖国家自身的精神和特点，金砖国家是一个蓬勃发展、保留自身特性、共同解决大规模问题的主权国家联盟，展现了基于信任、牢固友谊和尊重彼此利益的真正伙伴关系和平等关系的真正典范。”🇷🇺🇷🇺🇷🇺
Kane凹凸曼,"https://tvax1.sinaimg.cn/default/images/default_avatar_male_50.gif?KID=imgbed,tva&Expires=1718269891&ssig=q02UwCe9iG",上海 浦东新区,Thu Jun 13 10:15:27  2024,金运会？
jinfuxz,"https://tva2.sinaimg.cn/crop.0.83.388.388.50/7f38a054jw8f7qp0zelw1j20cx0jgwg9.jpg?KID=imgbed,tva&Expires=1718269891&ssig=25FE6CXViK",辽宁 阜新,Thu Jun 13 10:10:54  2024,[赞][赞][赞]
nyecemb,"https://tvax2.sinaimg.cn/crop.0.0.600.600.50/007dpB6lly8hnas3df4bcj30go0godgr.jpg?KID=imgbed,tva&Expires=1718269891&ssig=3JLHaie%2BzM",江苏 南京,Thu Jun 13 10:09:03  2024,“我们正在保卫俄罗斯本身，为祖国，为我们的主木又、精神价值和团结，为胜利而战。”🇷🇺🇷🇺“为了公正的世界秩序的原则，为了各国和各国人民的自由。”“正是我们的国家现在站在形成更加公正的世界秩序的最前列。”“没有强大的拥有主木又的俄罗斯就不可能有牢固稳定的国际秩序。”🇷🇺
胖尊者,"https://tvax2.sinaimg.cn/crop.0.0.1080.1080.50/4ff9945fly8gdkd10asbxj20u00u044k.jpg?KID=imgbed,tva&Expires=1718269891&ssig=aWVPY5oX6b",其他,Thu Jun 13 10:00:30  2024,所谓的奥运会已经政治化了真恶心[弱][弱][弱]
02Pluto,"https://tvax2.sinaimg.cn/crop.0.0.1080.1080.50/0073qZ6Xly8hll7sowl39j30u00u0ade.jpg?KID=imgbed,tva&Expires=1718269891&ssig=c4pmgIN2l5",其他,Thu Jun 13 09:50:38  2024,你们b站的号把完整版发出来吧
02Pluto,"https://tvax2.sinaimg.cn/crop.0.0.1080.1080.50/0073qZ6Xly8hll7sowl39j30u00u0ade.jpg?KID=imgbed,tva&Expires=1718269891&ssig=c4pmgIN2l5",其他,Thu Jun 13 09:50:10  2024,没有完整版吗
天天向亮,"https://tvax4.sinaimg.cn/crop.0.0.667.667.50/a59e4817ly8hnv794en6wj20ij0ijwfl.jpg?KID=imgbed,tva&Expires=1718269891&ssig=5NIdIKsA50",浙江 杭州,Thu Jun 13 09:49:54  2024,预祝各方取得好成绩，赛出体育精神面貌！
Hyjywyll,"https://tvax2.sinaimg.cn/crop.0.0.394.394.50/008CI0W6ly8hmg6rs5pp3j30ay0ayq3l.jpg?KID=imgbed,tva&Expires=1718269891&ssig=PX94HuW7%2B6",其他,Thu Jun 13 09:49:20  2024,[允悲][允悲][允悲][允悲]
·薇斯人·,"https://tvax1.sinaimg.cn/crop.0.0.600.600.50/008y8uu8ly8hd2mx543a8j30go0gowf0.jpg?KID=imgbed,tva&Expires=1718269891&ssig=I64v2eHGyB",北京 东城区,Thu Jun 13 09:46:54  2024,室内的地方够吗？为啥不在体育场
回连空间,"https://tvax4.sinaimg.cn/crop.0.0.996.996.50/0077FZTkly8fqbabs7l05j30ro0ro401.jpg?KID=imgbed,tva&Expires=1718269891&ssig=DjX2wYHdlQ",其他,Thu Jun 13 09:44:17  2024,[费解][费解]
8与我同行8,"https://tva4.sinaimg.cn/crop.227.99.568.568.50/3f8b82abjw8f1of2a2ktnj20sg0lc49t.jpg?KID=imgbed,tva&Expires=1718269892&ssig=Dt9aJ0rSYD",安徽 合肥,Thu Jun 13 13:12:13  2024,[good][good][good]
进动的史瓦西,"https://tvax3.sinaimg.cn/crop.0.0.1080.1080.50/acf4ba29ly8g8xgfhseiij20u00u0wgw.jpg?KID=imgbed,tva&Expires=1718269892&ssig=w7gzIPLSUx",广东,Thu Jun 13 12:53:31  2024,他们就是威胁我们要跟大毛分手然后跪地投降，否则……就骂死我们[笑cry][笑cry][笑cry]
红色工人克察今1,"https://tvax4.sinaimg.cn/crop.0.31.438.438.50/9e715b9ely1gvt39xmcedj20c60dwmxe.jpg?KID=imgbed,tva&Expires=1718269892&ssig=fb3yd9VgZ1",广东,Thu Jun 13 11:58:25  2024,黄四郎必须死。我们要的是没有黄四郎。
BeyondUncertainty,"https://tvax2.sinaimg.cn/crop.0.0.1080.1080.50/007d20Jxly8hmulhg8ohqj30u00u0tb4.jpg?KID=imgbed,tva&Expires=1718269892&ssig=4XmXcnKSNp",上海,Thu Jun 13 10:33:18  2024,精神胜利法
yuqianxin,"https://tvax2.sinaimg.cn/crop.0.0.996.996.50/0020nBSWly8gvb6sgi851j60ro0ron2j02.jpg?KID=imgbed,tva&Expires=1718269892&ssig=20bwoMURLP",浙江 杭州,Thu Jun 13 10:29:39  2024,所以欧洲人永远没能力在战场上打败俄罗斯。自古如此，以后更是如此。欧洲人太傲慢了
文晶Talk,"https://tvax1.sinaimg.cn/crop.0.0.828.828.50/756a7d07ly8h9uafk2af3j20n00n0gma.jpg?KID=imgbed,tva&Expires=1718269892&ssig=yrXlEh8hza",北京,Thu Jun 13 09:01:49  2024,你是不是先看了我的朋友圈[酷]
凝聚神与心建此不夜城,"https://tvax2.sinaimg.cn/crop.0.0.1080.1080.50/b47df856ly8h9th4cvmnmj20u00u00uo.jpg?KID=imgbed,tva&Expires=1718269892&ssig=tSKw%2Fkn1u8",广西 百色,Thu Jun 13 08:55:05  2024,//@牙膏味道还行:我老天，他们是真的打算念经念死大毛啊[哆啦A梦害怕]
发热贴,"https://tva3.sinaimg.cn/crop.0.0.180.180.50/96db4432jw1e8qgp5bmzyj2050050aa8.jpg?KID=imgbed,tva&Expires=1718269892&ssig=kuT0MEYIF%2F",广东 珠海,Thu Jun 13 08:31:08  2024,当年苏联分列后，失败情绪围绕着苏联体内的各个国家，文学作品多是以悲伤为主题。现在是时候轮到啊美了[挖鼻]
鸡狗蛙一家亲_yue,"https://tvax3.sinaimg.cn/crop.0.0.1080.1080.50/008APZHlly8hiupkxihtmj30u00u03zu.jpg?KID=imgbed,tva&Expires=1718269892&ssig=IonIQP8Jn2",河南 郑州,Thu Jun 13 08:05:24  2024,哈哈，每天拼了老命展示自己的决心，要让普京觉得自己会失败，这听起来咋那么搞笑呢？万一普京就是不这么觉得怎么办？
关山草原秦时明月,"https://tva4.sinaimg.cn/crop.442.0.795.795.50/e396c683jw1e94epxapyyj21ap0m87tz.jpg?KID=imgbed,tva&Expires=1718269892&ssig=lA0lHk2VeC",陕西,Thu Jun 13 07:58:18  2024,美酒+咖啡，汉堡+肥肠
対策manual,"https://tvax1.sinaimg.cn/crop.0.0.1080.1080.50/69be59e7ly8h6bvhb8oaxj20u00u0787.jpg?KID=imgbed,tva&Expires=1718269892&ssig=7CXZ%2FA2POb",内蒙古 鄂尔多斯,Thu Jun 13 07:09:42  2024,念…经…
躺平羡慕者,"https://tva2.sinaimg.cn/crop.0.0.80.80.50/d8c92b49jw8e7j18x1du0j20280280si.jpg?KID=imgbed,tva&Expires=1718269892&ssig=qmvcQO0TvZ",其他,Thu Jun 13 06:58:51  2024,忽悠能力没创新[doge]
指月小姐-,"https://tvax3.sinaimg.cn/crop.190.84.515.515.50/007irZwaly8fv1ef26bhkj30pr0jbwf5.jpg?KID=imgbed,tva&Expires=1718269892&ssig=gukEROwpSm",北京,Thu Jun 13 06:53:22  2024,对手失败是靠你的嘴说服的么？！哈哈哈哈
海阔咸鱼跃,"https://tvax1.sinaimg.cn/crop.0.0.1002.1002.50/006wjiu2ly8fw9h6eerb5j30ru0rugn6.jpg?KID=imgbed,tva&Expires=1718269892&ssig=8I4DKNDluL",海外 美国,Thu Jun 13 06:49:34  2024,好家伙，到处都透着一股拧巴[允悲]
轻骑踏月999,"https://tvax2.sinaimg.cn/crop.0.0.500.500.50/005PgfFdly8h0ygjw8eldj30dw0dw3ze.jpg?KID=imgbed,tva&Expires=1718269892&ssig=%2FU%2FzqsUB1D",黑龙江 哈尔滨,Thu Jun 13 06:39:15  2024,后面那个图是火山爆发的意思吧。
飞过森林_掠过沼泽,"https://tva1.sinaimg.cn/crop.0.0.180.180.50/75e2902bjw1e8qgp5bmzyj2050050aa8.jpg?KID=imgbed,tva&Expires=1718269892&ssig=W8mvnXazXt",上海 静安区,Thu Jun 13 06:28:40  2024,说明你还不够老道！ 如果你观察几十年，就会发现他们喜欢唱衰自己，喜欢负面性表达，说美国崩溃失败最多的恰恰是美国人自己。与此对比，国人相反，总是赢，赢麻了
guozili7,"https://tvax1.sinaimg.cn/crop.0.0.750.750.50/8266559ely8gjwbmtulakj20ku0ku74v.jpg?KID=imgbed,tva&Expires=1718269892&ssig=5oK49dxRAI",其他,Thu Jun 13 06:26:56  2024,图二感觉更像是火山爆发，也更符合西方的作图叙事风格
李是个小疯6479944525,"https://tvax2.sinaimg.cn/crop.0.0.1002.1002.50/0074xbAhly8fo8qoewzn8j30ru0rvjuh.jpg?KID=imgbed,tva&Expires=1718269892&ssig=CgbYiq8Q0P",其他,Thu Jun 13 06:21:59  2024,对封面图的另一种感觉：火山喷发，“红色的火山灰遮蔽了星条旗的天空”
摸鱼大懒猫,"https://tvax4.sinaimg.cn/crop.180.0.1080.1080.50/008l2M6wly1h2m1f28mdzj31400u0418.jpg?KID=imgbed,tva&Expires=1718269894&ssig=pfrHQEGJdS",北京,Thu Jun 13 06:07:23  2024,帝国余晖
宇文叡,"https://tvax1.sinaimg.cn/crop.193.108.1427.1427.50/65c2532dly8fx8bj1jqw4j21kw16o1k0.jpg?KID=imgbed,tva&Expires=1718269894&ssig=QMaCgIe6mQ",海外 其他,Thu Jun 13 03:45:26  2024,这帮人真的像是明末的东林党，空谈误国呀！
一千块乔巴,"https://tva2.sinaimg.cn/crop.0.0.480.480.50/005RC4kJjw8equl1c5fq9j30dc0dcjsa.jpg?KID=imgbed,tva&Expires=1718269894&ssig=onIFeO0Y9l",浙江,Thu Jun 13 03:12:49  2024,"回顾历史,没有任何双赢的局面,除非这两个人结盟一起打败了他们共同的敌人,那才叫双赢."
末流登仕郎,"https://tvax2.sinaimg.cn/crop.0.0.690.690.50/0080aqE6ly8hnggjp3kw4j30j60j6mxv.jpg?KID=imgbed,tva&Expires=1718269894&ssig=R6hbyrqwHU",其他,Thu Jun 13 03:11:47  2024,击溃倭军是第一步，冲出岛链，建立五个军事基地。击溃澳大利亚军是第二步，控制东南亚和西太平洋，建立三十个军事基地。第三步，击溃美北约联军，控制印太地区要道，建立一百个军事基地。
末流登仕郎,"https://tvax2.sinaimg.cn/crop.0.0.690.690.50/0080aqE6ly8hnggjp3kw4j30j60j6mxv.jpg?KID=imgbed,tva&Expires=1718269894&ssig=R6hbyrqwHU",其他,Thu Jun 13 03:08:43  2024,再建888艘各类战舰就可以一统天下，组建十个航母战斗群，一百个军事基地，击败三个地区性强国【日本、澳大利亚、美国】。
香草吧噗1989,"https://tva3.sinaimg.cn/crop.0.0.180.180.50/6ac0b06fjw1e8qgp5bmzyj2050050aa8.jpg?KID=imgbed,tva&Expires=1718269894&ssig=6l7AZQyYHV",北京 海淀区,Thu Jun 13 02:05:52  2024,"关于双赢的问题在前司的CEO见面会上有人问过，答复是we don't want win-win, we just want win. 你看这彼时彼刻，。。"
反自由主义一般兵,"https://tvax1.sinaimg.cn/crop.0.0.812.812.50/0083C3GSly8hhxgv982e8j30mk0mkaat.jpg?KID=imgbed,tva&Expires=1718269894&ssig=Cwc0k1K7Nq",广东,Thu Jun 13 01:40:32  2024,主要是美西方新一代搞国关的这些所谓的专家越来越不行了，有强烈的路径依赖和自我封闭，实在是令人费解。
海参砍胃,"https://tvax4.sinaimg.cn/crop.0.0.600.600.50/008CLJ0Zly8hml6e18w5qj30go0gomy9.jpg?KID=imgbed,tva&Expires=1718269894&ssig=%2FVPPWIklgL",广东 深圳,Thu Jun 13 01:39:06  2024,我们不是remake，我们是repair
牙膏味道还行,"https://tva3.sinaimg.cn/crop.0.0.640.640.50/e546e5dcjw8euirv2lmj6j20hs0htacg.jpg?KID=imgbed,tva&Expires=1718269894&ssig=Y3dVHboSCj",海外 日本,Thu Jun 13 01:24:13  2024,我老天，他们是真的打算念经念死大毛啊[哆啦A梦害怕]
无悔的大兵,"https://tva1.sinaimg.cn/crop.67.38.891.891.50/a3ad0fbdgw1eklh7luy42j20qo0qojwr.jpg?KID=imgbed,tva&Expires=1718269894&ssig=WeMkN6NSTL",安徽 合肥,Thu Jun 13 01:18:00  2024,那些说俄罗斯失败的，我就问一句，一个有五千枚核弹的国家如何失败？
爱始终年轻zZ000,"https://tvax2.sinaimg.cn/crop.0.0.1080.1080.50/008CtHztly8hlwdxuiffqj30u00u0acj.jpg?KID=imgbed,tva&Expires=1718269894&ssig=jQ%2BsJlZcaq",广东 深圳,Thu Jun 13 01:15:56  2024,多思考能进步，而不是一味赞扬要好
局座老迷妹,"https://tvax1.sinaimg.cn/crop.0.0.1080.1080.50/006qdBHOly8hbv7d3fjgaj30u00u03yl.jpg?KID=imgbed,tva&Expires=1718269894&ssig=lFiZlVyt8t",其他,Thu Jun 13 01:15:53  2024,图二很有冲击力，老牌媒体的软实力确实不是吹的。另外，都这时候了，兔子鹰酱总得见血死一个，悲观有屁用，各个层面上干就完了
老干葱就是我,"https://tvax3.sinaimg.cn/crop.50.0.200.200.50/002WxtGIly8guwh3qi4xsj608c05k0sq02.jpg?KID=imgbed,tva&Expires=1718269894&ssig=%2FkEK6gyVDT",广东 深圳,Thu Jun 13 01:15:17  2024,通过西方媒体的表达，就知道这是他们最痛苦的时刻，他们正在不情愿的接受一个崛起的中国。回顾中国历史，朝代更替的时候，前朝既得利益者都是这种心态。我们有幸围观这个时代，骄傲就可以了！
开船上树,"https://tva2.sinaimg.cn/crop.0.0.996.996.50/006m3r67jw8fclnqysy6nj30ro0roaf2.jpg?KID=imgbed,tva&Expires=1718269894&ssig=hzoSnz9crz",其他,Thu Jun 13 00:53:36  2024,美国的外交本质上是内政失能的结果，所以想改变美国的心态可能还真得干涉美国的内政[笑而不语]
Bosjathfort,"https://tvax3.sinaimg.cn/crop.0.0.310.310.50/008tBTwTly8h34k2ie9bzj308m08mdfx.jpg?KID=imgbed,tva&Expires=1718269894&ssig=rlFLgUMMlN",海外 荷兰,Thu Jun 13 00:50:33  2024,你已经咩了，但你还不知道[666]
第三席伊里奇,"https://tvax1.sinaimg.cn/crop.0.0.1080.1080.50/007HiDCPly8hqatdj9nkoj30u00u0jsz.jpg?KID=imgbed,tva&Expires=1718269894&ssig=QxbBVcFIKf",河南,Thu Jun 13 00:49:44  2024,不得不说，画面（封面）表现力还是很有意境的
昴宿星2,"https://tvax1.sinaimg.cn/crop.0.0.996.996.50/008j1x6Oly8gqkpszdyhfj30ro0rogne.jpg?KID=imgbed,tva&Expires=1718269894&ssig=nzaMsmMhYB",其他,Thu Jun 13 00:49:02  2024,给魔怔人做心理疏导纯粹是浪费时间精力，无论你怎么跟他解释共赢思想，他都会认为你在欺骗他。反而是让他相信并且接受自己已经败了，中国的胜利已经无庸置疑。只要他从心理层面接受了这一点也就会放弃继续顽抗思想！
rtorrent,"https://tvax2.sinaimg.cn/crop.0.0.458.458.50/007DpwBhly8g0bu78u37gj30cq0cqabh.jpg?KID=imgbed,tva&Expires=1718269894&ssig=cXwAFNFf1U",北京,Thu Jun 13 00:47:30  2024,看到西方比我们更焦虑就放心了
咖啡蛋糕和能量守恒,"https://tvax2.sinaimg.cn/crop.0.0.564.564.50/008Draf1ly8ho75v12fpuj30fo0foq3q.jpg?KID=imgbed,tva&Expires=1718269894&ssig=vkDkISCKrZ",上海,Thu Jun 13 00:43:38  2024,全是疑问[允悲]  一句判断也没有
奥斯卡鲍勃,"https://tvax1.sinaimg.cn/crop.0.0.600.600.50/008DQfPkly8hq5j3gy1xqj30go0go0v6.jpg?KID=imgbed,tva&Expires=1718269894&ssig=%2Bw0bupPjpb",其他,Thu Jun 13 00:37:01  2024,外国魔怔人
axle胖瘦都要做个英雄,"https://tva3.sinaimg.cn/crop.0.0.180.180.50/6dec179ajw1e8qgp5bmzyj2050050aa8.jpg?KID=imgbed,tva&Expires=1718269896&ssig=TtpsLGrx8V",四川 成都,Thu Jun 13 00:32:38  2024,俗称：隔锅香
Er20192,"https://tvax3.sinaimg.cn/crop.0.0.292.292.50/007KjlLmly8gn3covuw4qj3084084gmg.jpg?KID=imgbed,tva&Expires=1718269896&ssig=zTEqqvD7aw",其他,Thu Jun 13 00:32:14  2024,真不知道什么样的战争是靠“convince”打赢的
慎言盛语,"https://tvax1.sinaimg.cn/crop.0.0.996.996.50/0085NGauly8gcxco2e6u1j30ro0rowly.jpg?KID=imgbed,tva&Expires=1718269896&ssig=awbRGeje4K",广西,Thu Jun 13 00:31:58  2024,公民凯恩的实力还是强的啊，第二张图有东西的
伍月Sophie,"https://tvax4.sinaimg.cn/crop.0.0.1080.1080.50/006JRxx6ly8ho2xphqvpej30u00u0dha.jpg?KID=imgbed,tva&Expires=1718269897&ssig=Guyo3RrVI6",其他,Thu Jun 13 13:48:06  2024,好牛[并不简单]
践行大于默习,"https://tvax1.sinaimg.cn/crop.0.0.1080.1080.50/749016a5ly8h9776h7iwzj20u00u0q68.jpg?KID=imgbed,tva&Expires=1718269897&ssig=zIeNtNMJi%2F",其他,Thu Jun 13 13:12:24  2024,黑科技啊
周游世界呢,"https://tvax4.sinaimg.cn/crop.0.0.1002.1002.50/61882f61ly8gdi7h110rnj20ru0ruwg2.jpg?KID=imgbed,tva&Expires=1718269897&ssig=HoSczMIV%2Bi",辽宁 大连,Thu Jun 13 12:09:30  2024,这个是四方的，长客不是还有另一种可变轨距列车嘛
望海抓牛牛,"https://tvax4.sinaimg.cn/crop.0.0.640.640.50/79972968ly8h01j9lo0t9j20hs0hsmz1.jpg?KID=imgbed,tva&Expires=1718269897&ssig=It8mnjKcpN",广东,Thu Jun 13 12:04:24  2024,[赞][赞][赞][赞][赞]
奔跑的蜗牛_Bob,"https://tvax1.sinaimg.cn/crop.0.0.1080.1080.50/628841a7ly8h4mgjo0csoj20u00u0jub.jpg?KID=imgbed,tva&Expires=1718269897&ssig=grZeDDjB28",海外 斯洛伐克,Thu Jun 13 12:02:55  2024,只有货运吗，有客运没？
落神无双,"https://tva1.sinaimg.cn/crop.0.0.996.996.50/006CZK7Sjw8faa91qd05lj30ro0ro40m.jpg?KID=imgbed,tva&Expires=1718269897&ssig=q8uAdiLQIU",广东 广州,Thu Jun 13 12:02:48  2024,[并不简单]这可是自动化换轨，解决了多少转换问题啊，科技改变世界
壹隻狮仔,"https://tvax1.sinaimg.cn/crop.0.0.500.500.50/008CWyzTly8hmz6mij5fmj30dw0dwmy1.jpg?KID=imgbed,tva&Expires=1718269897&ssig=c7%2BKM4et4m",上海,Thu Jun 13 11:47:45  2024,啥意思？就是不用换车重新装货的意思吗
月姬花京,"https://tvax2.sinaimg.cn/crop.0.0.1080.1080.50/006sjqcKly8ho78pfo3j8j30u00u040g.jpg?KID=imgbed,tva&Expires=1718269897&ssig=wYppzH1syC",其他,Thu Jun 13 11:39:08  2024,超逆马都辟谣过，有些乌贼还拿着大毛当背锅侠[剑网3]【没有关注他，搜资料的时候看到的】 http://t.cn/A6Q7w9cv
学海飞舟,"https://tva2.sinaimg.cn/crop.0.0.180.180.50/5946f2e0jw1e8qgp5bmzyj2050050aa8.jpg?KID=imgbed,tva&Expires=1718269897&ssig=jqnA3VmDyo",湖南 邵阳,Thu Jun 13 10:32:07  2024,中国独门变轨距技术真棒[心][心][赞][赞][赞]
兰戈700,"https://tva1.sinaimg.cn/crop.40.0.454.454.50/9bc689a1jw8f6m56aj6r2j20g30f0adf.jpg?KID=imgbed,tva&Expires=1718269897&ssig=Dz%2FznMwEts",安徽 芜湖,Thu Jun 13 10:27:29  2024,这个线路能不能用上这个技术?每节车厢都换成这样的转向架成本太高了。
闹心菜,"https://tva1.sinaimg.cn/crop.0.0.180.180.50/56da86a4jw1e8qgp5bmzyj2050050aa8.jpg?KID=imgbed,tva&Expires=1718269897&ssig=f%2B0uoQAYE5",北京,Thu Jun 13 09:55:19  2024,估计乌兹别克是想搞中转站，类似”海运码头”，中方直接黑科技，车都不停就变轨开走了。
一剑南来,"https://tva4.sinaimg.cn/crop.0.0.180.180.50/53d1eed7jw1e8qgp5bmzyj2050050aa8.jpg?KID=imgbed,tva&Expires=1718269897&ssig=CP4FzguFkd",广东 广州,Thu Jun 13 09:38:03  2024,十秒自动变轨，兔子太多黑技术了
熔岩烈火A77,"https://tvax4.sinaimg.cn/crop.0.0.1002.1002.50/9edff4ddly8fi68g48qcbj20ru0rutad.jpg?KID=imgbed,tva&Expires=1718269897&ssig=fGy3R4bXtQ",河南 洛阳,Thu Jun 13 09:37:50  2024,牛逼的一塌糊涂[good][good][good]
悠闲肥兔,"https://tvax3.sinaimg.cn/crop.0.0.600.600.50/008BHRQMly8hk1mehltguj30go0gowge.jpg?KID=imgbed,tva&Expires=1718269897&ssig=uWfdnkmAzH",广东,Thu Jun 13 09:27:51  2024,强大的中车技术
暗夜之光06,"https://tvax1.sinaimg.cn/default/images/default_avatar_male_50.gif?KID=imgbed,tva&Expires=1718269897&ssig=adhvNSHjd%2F",其他,Thu Jun 13 09:23:26  2024,以问题为导向[嘻嘻]
慕朋举,"https://tva3.sinaimg.cn/crop.0.0.180.180.50/729582b7jw1e8qgp5bmzyj2050050aa8.jpg?KID=imgbed,tva&Expires=1718269897&ssig=EQzt392ExY",陕西 榆林,Thu Jun 13 08:58:02  2024,转发微博
南门老人,"https://tvax4.sinaimg.cn/crop.0.0.996.996.50/0086LfiGly8gdujx3y0xkj30ro0ro40i.jpg?KID=imgbed,tva&Expires=1718269897&ssig=uQkr4NCohP",四川 成都,Thu Jun 13 08:55:57  2024,转发微博
爱上你的唇9,"https://tva3.sinaimg.cn/crop.0.0.180.180.50/e0fa6ac8jw8f32190zq2jj2050050t8t.jpg?KID=imgbed,tva&Expires=1718269897&ssig=Tbfx0ItwHg",北京 房山区,Thu Jun 13 08:14:05  2024,俄罗斯就是影响发展进步的障碍 别人都用标归 他们非得搞个宽轨 然后搞的邻国之间交通很麻烦 最恶心的就是还愿意和他们站在一起 我靠
大法师斯基,"https://tva3.sinaimg.cn/crop.0.0.180.180.50/53f7039cjw1e8qgp5bmzyj2050050aa8.jpg?KID=imgbed,tva&Expires=1718269897&ssig=NZe7j1%2B7mf",北京 海淀区,Thu Jun 13 07:49:21  2024,设置再多难题，只是又让我们多研发了一项技术而已[赞][doge]
酷酷哥96212,"https://tvax2.sinaimg.cn/crop.0.0.660.660.50/007VP5KMly8himk21cmouj30ic0ic3z9.jpg?KID=imgbed,tva&Expires=1718269898&ssig=WIsT3tjVvM",其他,Thu Jun 13 07:48:13  2024,中国人的脑子还有谁能战胜？
海安漫思论坛_,"https://tva3.sinaimg.cn/crop.6.6.143.143.50/4df2ca19jw8eqln3sjqrqj2046046jr8.jpg?KID=imgbed,tva&Expires=1718269898&ssig=GKOWin5iFd",江苏 南通,Thu Jun 13 07:22:03  2024,自媒体的不可信，不可能全线使用这种技术，成本太大
海安漫思论坛_,"https://tva3.sinaimg.cn/crop.6.6.143.143.50/4df2ca19jw8eqln3sjqrqj2046046jr8.jpg?KID=imgbed,tva&Expires=1718269898&ssig=GKOWin5iFd",江苏 南通,Thu Jun 13 07:21:11  2024,有个换轨的地方的
新憨憨熊,"https://tvax1.sinaimg.cn/crop.0.0.1080.1080.50/88230768ly8hhknkeuxncj20u00u0aje.jpg?KID=imgbed,tva&Expires=1718269898&ssig=gL1lxS1Seo",湖北 武汉,Thu Jun 13 07:14:24  2024,关于行进中动态换轨技术不明觉厉，但不妨碍我不假思索的点赞[赞][赞][赞][赞][赞]
远山的一小溪,"https://tvax1.sinaimg.cn/default/images/default_avatar_male_50.gif?KID=imgbed,tva&Expires=1718269898&ssig=Ryf88xSh%2FM",浙江 温州,Thu Jun 13 07:01:16  2024,学习了
木头-885,"https://tvax2.sinaimg.cn/crop.0.0.690.690.50/008ygG0yly8hdcbokr02jj30j60j6403.jpg?KID=imgbed,tva&Expires=1718269898&ssig=%2Fmqj%2BXR70N",辽宁,Thu Jun 13 06:55:48  2024,以前是在边境换途经国的车，倒二三次，很费时。现在换成特种车直接变轨继续走[赞]
看看又看看,"https://tva1.sinaimg.cn/crop.0.0.180.180.50/6b90e07bjw1e8qgp5bmzyj2050050aa8.jpg?KID=imgbed,tva&Expires=1718269898&ssig=tDAMcwuIds",河南 郑州,Thu Jun 13 06:50:19  2024,[赞]
BQ肥仔,"https://tva2.sinaimg.cn/crop.0.0.132.132.50/006lOdK1jw8ezl9q3pohqj303o03odfm.jpg?KID=imgbed,tva&Expires=1718269898&ssig=to9wG0Lkwu",其他,Thu Jun 13 06:32:59  2024,太牛了
DasAITO刀仔叶,"https://tvax4.sinaimg.cn/crop.0.0.1080.1080.50/6651d893ly8g9haw500doj20u00u00w0.jpg?KID=imgbed,tva&Expires=1718269898&ssig=UTKmOVyAUw",广东 广州,Thu Jun 13 06:28:00  2024,这太牛逼了[赞][赞]
一路风尘sunny,"https://tvax4.sinaimg.cn/crop.0.0.1002.1002.50/006DK1b1ly8gkgg7ax4cuj30ru0ruaea.jpg?KID=imgbed,tva&Expires=1718269898&ssig=mldqhqThdC",安徽,Thu Jun 13 06:25:33  2024,[允悲]
大糊小狐,"https://tva1.sinaimg.cn/crop.0.0.1080.1080.50/3bcb027fjw8ezd9jjr0waj20u00u0773.jpg?KID=imgbed,tva&Expires=1718269898&ssig=oVXJIeutuf",上海 静安区,Thu Jun 13 06:16:40  2024,列车是采用两套轮子还是采用可以改变间距的车轮啊？
Alan冷朝阳,"https://tvax1.sinaimg.cn/default/images/default_avatar_male_50.gif?KID=imgbed,tva&Expires=1718269898&ssig=Ryf88xSh%2FM",其他,Thu Jun 13 06:14:44  2024,转发微博
歪脖树下的昏鸦,"https://tva4.sinaimg.cn/crop.0.0.180.180.50/84f3bde6jw1e8qgp5bmzyj2050050aa8.jpg?KID=imgbed,tva&Expires=1718269898&ssig=NcO8lPDdVL",江苏 苏州,Thu Jun 13 05:19:35  2024,签字未必就是落地吧
一块红布之秋蝉1969,"https://tva2.sinaimg.cn/crop.0.0.640.640.50/538dff12jw8eejm0q3848j20hs0hswf6.jpg?KID=imgbed,tva&Expires=1718269898&ssig=Lk6S5%2BfG8i",天津,Thu Jun 13 05:08:50  2024,希望我们的祖国越来越强大
haitao-b,"https://tva3.sinaimg.cn/crop.0.0.996.996.50/bd2f63e6jw8fb9ti5uhkjj20ro0rptap.jpg?KID=imgbed,tva&Expires=1718269898&ssig=iMwn4%2BkcqG",山东 潍坊,Thu Jun 13 02:35:01  2024,这技术NB[good][good][good]
木于先生,"https://tva1.sinaimg.cn/crop.0.0.180.180.50/629028ffjw1e8qgp5bmzyj2050050aa8.jpg?KID=imgbed,tva&Expires=1718269898&ssig=XSEYt3%2FGwv",北京 海淀区,Thu Jun 13 01:32:54  2024,太牛了
琦仕传奇,"https://tvax1.sinaimg.cn/crop.0.0.996.996.50/008ejWfTly8gm9e3b2mphj30ro0ro3z9.jpg?KID=imgbed,tva&Expires=1718269898&ssig=Pki%2F9mdZpT",其他,Thu Jun 13 00:51:43  2024,人是活的，东西也是活的。[微风]
过客独行2,"https://tva4.sinaimg.cn/crop.0.0.180.180.50/409bd026jw1e8qgp5bmzyj2050050aa8.jpg?KID=imgbed,tva&Expires=1718269898&ssig=SlITMwqK8t",湖南 长沙,Thu Jun 13 00:45:55  2024,好
奔跑的猴头,"https://tvax4.sinaimg.cn/crop.0.0.1080.1080.50/55c4f281ly8gdj089cy5oj20u00u00uf.jpg?KID=imgbed,tva&Expires=1718269898&ssig=%2BeGhwYLzVt",上海 松江区,Thu Jun 13 00:38:46  2024,牛逼[good]
